week,station,hist_temp_max,hist_temp_mean,hist_temp_min,hist_rainfall,hist_snow
00,72202,24.59333333333333,20.725833333333334,17.333333333333332,0.4666666666666667,0.0
00,72243,12.0,6.764722222222222,2.8466666666666667,0.2,0.06666666666666667
00,72278,20.446666666666665,12.986388888888888,7.213333333333334,0.0,0.0
00,72290,18.846666666666668,13.945833333333333,9.879999999999999,0.0,0.0
00,72327,3.893333333333333,-1.7511111111111113,-6.293333333333334,0.13333333333333333,0.0
00,72353,5.713333333333334,-0.8011111111111112,-5.22,0.13333333333333333,0.0
00,72405,2.6666666666666665,-1.4100000000000001,-4.486666666666666,0.26666666666666666,0.06666666666666667
00,72494,13.96,10.532777777777778,7.513333333333334,0.26666666666666666,0.0
00,72530,-5.9399999999999995,-9.863888888888887,-13.56,0.26666666666666666,0.13333333333333333
00,72565,6.493333333333334,-2.9805555555555556,-8.486666666666666,0.26666666666666666,0.06666666666666667
00,72572,1.28,-4.037777777777778,-8.286666666666667,0.13333333333333333,0.06666666666666667
00,72606,-5.006666666666666,-10.22888888888889,-14.68,0.3333333333333333,0.2
00,72681,-0.9266666666666666,-5.158333333333333,-8.086666666666666,0.06666666666666667,0.0
00,72698,6.513333333333334,3.3177777777777777,0.8133333333333332,0.2,0.0
00,72793,7.633333333333334,4.2572222222222225,1.8066666666666669,0.4,0.0
00,74486,-0.3266666666666666,-3.6369444444444445,-6.180000000000001,0.2,0.06666666666666667
00,91182,26.7,23.107222222222223,19.926666666666666,0.2,0.0
00,KARB0,-6.386666666666667,-9.906038647342996,-13.426666666666668,0.2,0.0
00,KMIC0,-8.34,-13.8681884057971,-18.10666666666667,0.06666666666666667,0.0
00,KYIP0,-5.08,-8.416847826086956,-11.54,0.06666666666666667,0.0
00,PALH0,0.8866666666666667,-1.768949275362319,-4.626666666666667,0.4666666666666667,0.0
01,72202,26.14,22.333690476190476,19.365714285714283,0.45714285714285713,0.0
01,72243,15.445714285714287,9.988928571428572,5.885714285714286,0.34285714285714286,0.0
01,72278,20.228571428571428,13.782380952380953,9.097142857142856,0.2,0.0
01,72290,19.285714285714285,14.94547619047619,11.59142857142857,0.2857142857142857,0.0
01,72327,8.360000000000001,2.581904761904762,-1.5228571428571427,0.45714285714285713,0.08571428571428572
01,72353,6.920000000000001,0.7539285714285715,-3.34,0.2857142857142857,0.05714285714285714
01,72405,6.54,1.8782142857142856,-1.4628571428571429,0.4,0.08571428571428572
01,72494,13.791428571428572,10.940595238095238,8.685714285714285,0.37142857142857144,0.0
01,72530,-2.3342857142857145,-6.66297619047619,-10.12,0.4857142857142857,0.2
01,72565,4.531428571428571,-2.8713203463203465,-8.51142857142857,0.3142857142857143,0.22857142857142856
01,72572,3.1514285714285712,-1.013809523809524,-4.017142857142857,0.3142857142857143,0.2571428571428571
01,72606,1.2314285714285718,-3.884503105590062,-8.337142857142858,0.37142857142857144,0.11428571428571428
01,72681,2.125714285714286,-1.8654761904761905,-4.4799999999999995,0.37142857142857144,0.17142857142857143
01,72698,7.397142857142857,4.074047619047619,1.6714285714285715,0.5714285714285714,0.05714285714285714
01,72793,7.691428571428571,4.908333333333333,2.9771428571428573,0.5714285714285714,0.05714285714285714
01,74486,4.674285714285714,0.36892857142857144,-3.142857142857143,0.45714285714285713,0.05714285714285714
01,91182,26.662857142857145,22.53559523809524,19.08857142857143,0.02857142857142857,0.0
01,KARB0,-1.6485714285714286,-6.240326086956522,-10.822857142857144,0.4,0.0
01,KMIC0,-6.785714285714286,-11.334021739130435,-15.065714285714284,0.14285714285714285,0.0
01,KYIP0,-0.1800000000000001,-4.531014492753623,-8.734285714285713,0.34285714285714286,0.0
01,PALH0,-3.482857142857143,-6.519663561076605,-8.840000000000002,0.08571428571428572,0.0
02,72202,23.94857142857143,19.86845238095238,16.557142857142857,0.34285714285714286,0.0
02,72243,16.54857142857143,10.1675,5.554285714285713,0.2571428571428571,0.0
02,72278,21.142857142857142,14.325714285714287,8.997142857142856,0.08571428571428572,0.0
02,72290,20.27714285714286,15.696547619047621,11.734285714285713,0.22857142857142856,0.0
02,72327,9.502857142857144,2.823809523809524,-1.5885714285714285,0.2857142857142857,0.08571428571428572
02,72353,11.44,3.5151190476190477,-2.1,0.05714285714285714,0.0
02,72405,7.954285714285714,2.8207142857142857,-0.677142857142857,0.3142857142857143,0.02857142857142857
02,72494,15.6,12.020357142857142,9.165714285714285,0.3142857142857143,0.0
02,72530,-0.5000000000000001,-4.875020703933748,-8.42,0.4,0.2857142857142857
02,72565,8.248571428571429,0.6461024844720498,-5.225714285714286,0.08571428571428572,0.08571428571428572
02,72572,5.3828571428571435,1.1532142857142855,-2.1714285714285713,0.34285714285714286,0.2571428571428571
02,72606,1.1885714285714286,-2.8042443064182194,-6.682857142857143,0.5714285714285714,0.2
02,72681,4.548571428571428,0.5440476190476191,-2.322857142857143,0.37142857142857144,0.2
02,72698,8.048571428571428,4.7630952380952385,2.394285714285714,0.6571428571428571,0.05714285714285714
02,72793,9.177142857142856,5.959642857142858,3.7628571428571425,0.5428571428571428,0.02857142857142857
02,74486,5.468571428571429,1.437857142857143,-1.7114285714285713,0.34285714285714286,0.11428571428571428
02,91182,26.757142857142856,23.224880952380953,20.017142857142858,0.11428571428571428,0.0
02,KARB0,-0.5428571428571427,-5.100712215320911,-9.022857142857143,0.2571428571428571,0.0
02,KMIC0,-5.3914285714285715,-10.212218614718616,-14.042857142857143,0.17142857142857143,0.0
02,KYIP0,0.7257142857142858,-3.6370238095238094,-7.457142857142857,0.2,0.0
02,PALH0,-1.0742857142857143,-4.255507246376812,-6.505714285714285,0.34285714285714286,0.0
03,72202,24.431428571428572,20.797261904761907,17.44857142857143,0.14285714285714285,0.0
03,72243,19.034285714285716,12.760357142857144,7.962857142857143,0.37142857142857144,0.0
03,72278,21.07714285714286,14.462142857142858,9.26,0.08571428571428572,0.0
03,72290,19.67142857142857,15.132023809523808,11.497142857142856,0.14285714285714285,0.0
03,72327,10.774285714285714,5.351190476190476,1.48,0.34285714285714286,0.08571428571428572
03,72353,12.46,5.043095238095238,-0.36285714285714277,0.11428571428571428,0.0
03,72405,7.114285714285714,2.6930952380952378,-0.26285714285714284,0.4,0.17142857142857143
03,72494,15.379999999999999,11.698928571428572,8.80857142857143,0.37142857142857144,0.0
03,72530,1.1428571428571428,-2.6951190476190474,-5.562857142857142,0.34285714285714286,0.14285714285714285
03,72565,8.468571428571428,0.9370238095238097,-4.542857142857143,0.17142857142857143,0.17142857142857143
03,72572,3.9857142857142858,-0.08928571428571429,-3.4657142857142857,0.2857142857142857,0.17142857142857143
03,72606,0.40857142857142853,-3.9379761904761907,-8.002857142857144,0.2857142857142857,0.11428571428571428
03,72681,3.1314285714285717,-0.23404761904761914,-2.6742857142857144,0.2857142857142857,0.2
03,72698,8.617142857142857,5.261547619047619,3.0285714285714285,0.6857142857142857,0.0
03,72793,9.780000000000001,6.836785714285714,4.768571428571429,0.7142857142857143,0.0
03,74486,4.268571428571429,0.9241666666666668,-1.8571428571428572,0.42857142857142855,0.08571428571428572
03,91182,27.32,23.53333333333333,20.108571428571427,0.11428571428571428,0.0
03,KARB0,0.2542857142857143,-3.56453933747412,-6.808571428571429,0.22857142857142856,0.0
03,KMIC0,-1.937142857142857,-5.954880952380953,-9.708571428571428,0.2,0.0
03,KYIP0,1.6314285714285715,-1.9917857142857145,-4.774285714285714,0.2,0.0
03,PALH0,-4.44,-7.389290890269152,-9.588571428571429,0.2857142857142857,0.0
04,72202,24.717142857142857,20.395833333333332,16.71142857142857,0.2857142857142857,0.0
04,72243,19.76,13.116309523809523,7.882857142857143,0.14285714285714285,0.0
04,72278,21.568571428571428,15.078214285714285,9.497142857142856,0.08571428571428572,0.0
04,72290,20.585714285714285,15.768928571428573,11.942857142857143,0.14285714285714285,0.0
04,72327,10.494285714285715,4.048928571428571,-0.8885714285714285,0.2571428571428571,0.0
04,72353,14.822857142857142,6.114880952380953,0.09714285714285718,0.08571428571428572,0.0
04,72405,7.005714285714285,2.4717857142857143,-1.042857142857143,0.3142857142857143,0.08571428571428572
04,72494,16.62857142857143,12.341335403726708,9.245714285714286,0.11428571428571428,0.0
04,72530,1.1657142857142857,-2.9417857142857144,-5.848571428571428,0.2857142857142857,0.08571428571428572
04,72565,9.442857142857143,1.5673809523809523,-3.791428571428571,0.17142857142857143,0.17142857142857143
04,72572,6.454285714285715,1.8639285714285714,-1.1314285714285715,0.17142857142857143,0.2
04,72606,1.2771428571428571,-2.7832142857142856,-6.388571428571429,0.3142857142857143,0.05714285714285714
04,72681,5.522857142857143,1.1691017316017316,-1.725714285714286,0.22857142857142856,0.08571428571428572
04,72698,10.731428571428571,6.641190476190476,4.265714285714286,0.4857142857142857,0.0
04,72793,10.585714285714285,7.371785714285714,5.165714285714286,0.5428571428571428,0.0
04,74486,3.874285714285714,0.6315476190476191,-2.22,0.37142857142857144,0.14285714285714285
04,91182,26.779999999999998,23.603633540372673,20.874285714285715,0.37142857142857144,0.0
04,KARB0,0.8742857142857142,-3.782619047619048,-7.825714285714285,0.2857142857142857,0.0
04,KMIC0,-2.0971428571428574,-6.407261904761905,-9.548571428571428,0.14285714285714285,0.0
04,KYIP0,2.3200000000000003,-2.140357142857143,-5.834285714285714,0.2571428571428571,0.0
04,PALH0,-2.777142857142857,-6.379156314699793,-9.694285714285714,0.2,0.0
05,72202,25.994285714285713,22.364285714285714,19.357142857142858,0.2857142857142857,0.0
05,72243,17.734285714285715,12.096785714285714,8.017142857142858,0.34285714285714286,0.0
05,72278,22.502857142857142,15.244761904761907,9.042857142857143,0.02857142857142857,0.0
05,72290,19.931428571428572,15.166190476190478,11.351428571428572,0.08571428571428572,0.0
05,72327,10.780000000000001,4.7525,0.0971428571428571,0.37142857142857144,0.02857142857142857
05,72353,9.780000000000001,2.39,-2.6971428571428575,0.14285714285714285,0.02857142857142857
05,72405,8.077142857142857,3.4555952380952384,0.2914285714285714,0.34285714285714286,0.14285714285714285
05,72494,16.62,12.690595238095238,9.731428571428571,0.2857142857142857,0.0
05,72530,-2.0714285714285716,-5.908571428571429,-9.494285714285715,0.4857142857142857,0.2857142857142857
05,72565,5.865714285714286,-2.183095238095238,-8.105714285714285,0.2,0.2857142857142857
05,72572,7.065714285714286,2.5732142857142857,-0.7542857142857142,0.3142857142857143,0.14285714285714285
05,72606,1.1914285714285715,-3.5092857142857143,-8.062857142857142,0.42857142857142855,0.17142857142857143
05,72681,5.814285714285714,1.6204761904761904,-1.3314285714285714,0.3142857142857143,0.05714285714285714
05,72698,8.874285714285715,5.113571428571428,2.8285714285714287,0.5714285714285714,0.0
05,72793,8.465714285714286,5.668333333333333,3.6314285714285712,0.5142857142857142,0.0
05,74486,5.091428571428571,1.210879917184265,-2.0485714285714285,0.34285714285714286,0.14285714285714285
05,91182,26.68285714285714,23.307619047619045,20.35142857142857,0.37142857142857144,0.0
05,KARB0,-1.5257142857142858,-6.048095238095239,-11.197142857142856,0.5142857142857142,0.0
05,KMIC0,-5.434285714285714,-10.202893374741201,-14.434285714285714,0.11428571428571428,0.0
05,KYIP0,0.6714285714285715,-4.112619047619048,-8.505714285714285,0.22857142857142856,0.0
05,PALH0,-3.5628571428571427,-7.660238095238095,-11.282857142857143,0.05714285714285714,0.0
06,72202,25.245714285714286,20.82440476190476,17.04857142857143,0.14285714285714285,0.0
06,72243,21.83142857142857,14.77452380952381,9.688571428571429,0.17142857142857143,0.0
06,72278,25.968571428571426,18.727619047619047,12.577142857142857,0.05714285714285714,0.0
06,72290,22.54,17.558214285714286,13.365714285714287,0.05714285714285714,0.0
06,72327,10.737142857142857,5.238452380952381,1.0942857142857143,0.42857142857142855,0.14285714285714285
06,72353,16.074285714285715,7.201190476190476,0.8571428571428571,0.05714285714285714,0.0
06,72405,8.974285714285713,3.817142857142857,0.3285714285714285,0.3142857142857143,0.11428571428571428
06,72494,17.52857142857143,13.62404761904762,10.59142857142857,0.2571428571428571,0.0
06,72530,-0.19142857142857142,-4.971666666666667,-8.617142857142857,0.14285714285714285,0.17142857142857143
06,72565,13.334285714285715,4.324880952380952,-2.282857142857143,0.05714285714285714,0.2
06,72572,10.674285714285714,5.634880952380953,2.005714285714286,0.2857142857142857,0.08571428571428572
06,72606,-1.1457142857142855,-5.625781573498965,-9.585714285714285,0.6285714285714286,0.2571428571428571
06,72681,9.548571428571428,4.557380952380952,1.0971428571428572,0.42857142857142855,0.11428571428571428
06,72698,11.597142857142856,7.264523809523809,4.331428571428571,0.6857142857142857,0.0
06,72793,10.68,7.214047619047619,4.819999999999999,0.7142857142857143,0.05714285714285714
06,74486,4.511428571428572,0.5848809523809524,-2.4542857142857146,0.42857142857142855,0.2
06,91182,26.825714285714284,23.318690476190476,20.37142857142857,0.34285714285714286,0.0
06,KARB0,-0.2685714285714286,-5.479694616977226,-10.314285714285715,0.2571428571428571,0.0
06,KMIC0,-3.6771428571428566,-9.028571428571428,-13.242857142857142,0.08571428571428572,0.0
06,KYIP0,1.6142857142857143,-3.578578065717654,-7.651428571428572,0.2571428571428571,0.0
06,PALH0,-3.6542857142857144,-6.823095238095238,-9.577142857142857,0.2,0.0
07,72202,25.662857142857145,21.52154761904762,17.974285714285713,0.2,0.0
07,72243,23.097142857142856,17.36916666666667,12.674285714285714,0.34285714285714286,0.0
07,72278,24.725714285714286,18.312142857142856,12.21142857142857,0.02857142857142857,0.0
07,72290,19.954285714285714,15.95154761904762,12.80857142857143,0.11428571428571428,0.0
07,72327,13.717142857142857,7.704166666666666,3.22,0.45714285714285713,0.02857142857142857
07,72353,15.768571428571429,8.479404761904762,3.04,0.22857142857142856,0.02857142857142857
07,72405,8.851428571428572,3.138333333333333,-0.7028571428571428,0.37142857142857144,0.05714285714285714
07,72494,17.134285714285717,12.768809523809525,9.665714285714285,0.2571428571428571,0.0
07,72530,3.4542857142857146,-1.260781573498965,-4.871428571428571,0.42857142857142855,0.14285714285714285
07,72565,11.68,2.7342857142857144,-3.8971428571428572,0.14285714285714285,0.17142857142857143
07,72572,10.042857142857143,4.0844047619047625,-0.3628571428571428,0.3142857142857143,0.2
07,72606,1.917142857142857,-3.5071014492753623,-8.32,0.6,0.2
07,72681,9.4,3.874932712215321,-0.33142857142857135,0.3142857142857143,0.05714285714285714
07,72698,11.362857142857143,6.889404761904761,3.9,0.6285714285714286,0.17142857142857143
07,72793,10.1,6.540357142857142,4.154285714285715,0.6857142857142857,0.17142857142857143
07,74486,5.031428571428571,0.5626190476190476,-2.8857142857142857,0.42857142857142855,0.05714285714285714
07,91182,27.228571428571428,23.83,21.034285714285716,0.3142857142857143,0.0
07,KARB0,1.9942857142857142,-3.4130745341614905,-8.234285714285713,0.3142857142857143,0.0
07,KMIC0,-0.20857142857142874,-5.189166666666667,-9.274285714285716,0.2571428571428571,0.0
07,KYIP0,3.4657142857142857,-1.7589285714285714,-5.8514285714285705,0.2857142857142857,0.0
07,PALH0,-1.3485714285714288,-4.281547619047619,-6.897142857142858,0.37142857142857144,0.0
08,72202,27.031428571428574,22.816785714285714,19.302857142857142,0.3142857142857143,0.0
08,72243,21.51142857142857,15.139642857142858,10.765714285714287,0.37142857142857144,0.0
08,72278,23.774285714285714,17.023214285714285,11.17142857142857,0.11428571428571428,0.0
08,72290,19.237142857142857,15.585,12.422857142857143,0.2,0.0
08,72327,13.985714285714286,8.047619047619047,3.5885714285714285,0.3142857142857143,0.02857142857142857
08,72353,15.294285714285714,6.960833333333333,1.0914285714285714,0.2,0.0
08,72405,11.168571428571427,6.573447204968944,3.065714285714286,0.4,0.02857142857142857
08,72494,16.262857142857143,12.325952380952382,9.448571428571428,0.37142857142857144,0.0
08,72530,4.217142857142857,-0.5673343685300207,-4.668571428571429,0.2857142857142857,0.08571428571428572
08,72565,9.005714285714285,0.2767857142857144,-6.205714285714286,0.2857142857142857,0.11428571428571428
08,72572,10.24,4.7179761904761905,0.9971428571428571,0.2857142857142857,0.2571428571428571
08,72606,3.9885714285714284,-0.9002380952380952,-5.525714285714286,0.2571428571428571,0.05714285714285714
08,72681,9.857142857142858,4.188418367346939,-0.054285714285714236,0.3142857142857143,0.17142857142857143
08,72698,11.219999999999999,6.833214285714286,3.7628571428571425,0.5428571428571428,0.0
08,72793,10.54,6.806190476190476,3.9028571428571426,0.5714285714285714,0.02857142857142857
08,74486,7.748571428571428,3.4551190476190476,-0.06857142857142853,0.2857142857142857,0.02857142857142857
08,91182,27.254285714285714,23.650238095238095,20.845714285714287,0.22857142857142856,0.0
08,KARB0,3.6142857142857143,-2.1242857142857146,-7.257142857142857,0.2,0.0
08,KMIC0,0.9571428571428572,-4.8480952380952385,-9.67142857142857,0.11428571428571428,0.0
08,KYIP0,5.0,-0.455,-4.920000000000001,0.2,0.0
08,PALH0,-0.8451612903225806,-4.014216144615864,-7.116129032258065,0.2857142857142857,0.0
09,72202,26.41142857142857,22.531428571428574,19.122857142857143,0.2,0.0
09,72243,21.32,15.26404761904762,10.914285714285715,0.2857142857142857,0.0
09,72278,25.365714285714283,18.466785714285713,12.397142857142857,0.11428571428571428,0.0
09,72290,20.068571428571428,15.907738095238097,12.531428571428572,0.2571428571428571,0.0
09,72327,13.608571428571429,6.921547619047619,1.6600000000000001,0.45714285714285713,0.02857142857142857
09,72353,15.628571428571428,7.3878571428571425,1.4514285714285715,0.2,0.0
09,72405,9.92,4.469166666666666,0.47714285714285715,0.34285714285714286,0.11428571428571428
09,72494,17.302857142857142,12.98654761904762,9.797142857142857,0.22857142857142856,0.0
09,72530,3.16,-1.6461904761904764,-5.291428571428571,0.37142857142857144,0.2857142857142857
09,72565,11.457142857142857,2.7310714285714286,-4.045714285714285,0.17142857142857143,0.02857142857142857
09,72572,11.725714285714286,5.8273809523809526,1.5857142857142856,0.2857142857142857,0.11428571428571428
09,72606,3.3200000000000003,-1.6027380952380952,-6.2,0.2857142857142857,0.22857142857142856
09,72681,11.945714285714287,5.876904761904762,1.3571428571428572,0.3142857142857143,0.11428571428571428
09,72698,13.19142857142857,8.165952380952382,4.497142857142857,0.5428571428571428,0.0
09,72793,11.685714285714285,7.610714285714286,4.7542857142857144,0.6571428571428571,0.08571428571428572
09,74486,6.202857142857143,2.1739285714285717,-1.0942857142857143,0.4,0.11428571428571428
09,91182,26.768571428571427,22.988690476190474,20.279999999999998,0.42857142857142855,0.0
09,KARB0,1.5599999999999998,-3.308809523809524,-7.645714285714287,0.34285714285714286,0.0
09,KMIC0,-0.08,-4.777738095238095,-8.597142857142856,0.17142857142857143,0.0
09,KYIP0,3.082857142857143,-1.7027380952380955,-5.668571428571429,0.2857142857142857,0.0
09,PALH0,0.18,-3.493804347826087,-6.725714285714286,0.17142857142857143,0.0
10,72202,26.497142857142858,22.757261904761908,19.662857142857145,0.17142857142857143,0.0
10,72243,22.122857142857143,17.367857142857144,13.688571428571429,0.4857142857142857,0.0
10,72278,27.32,20.39297619047619,14.09142857142857,0.02857142857142857,0.0
10,72290,21.33142857142857,17.160714285714285,13.768571428571429,0.2571428571428571,0.0
10,72327,19.1,12.520357142857144,7.2542857142857144,0.4,0.05714285714285714
10,72353,20.439999999999998,12.71642857142857,7.24,0.22857142857142856,0.0
10,72405,15.497142857142856,8.969761904761905,4.4,0.22857142857142856,0.08571428571428572
10,72494,17.888571428571428,13.582738095238094,10.582857142857142,0.42857142857142855,0.0
10,72530,10.057142857142857,4.820476190476191,0.9885714285714287,0.14285714285714285,0.02857142857142857
10,72565,16.694285714285712,7.25547619047619,-0.07999999999999996,0.11428571428571428,0.05714285714285714
10,72572,16.16,9.238095238095237,4.465714285714286,0.2857142857142857,0.11428571428571428
10,72606,5.251428571428572,0.6475000000000001,-3.2685714285714287,0.34285714285714286,0.2
10,72681,14.491428571428571,8.55297619047619,4.1971428571428575,0.45714285714285713,0.08571428571428572
10,72698,14.654285714285713,9.672261904761905,6.0771428571428565,0.6857142857142857,0.0
10,72793,13.414285714285715,9.0825,5.728571428571429,0.6285714285714286,0.02857142857142857
10,74486,10.702857142857143,5.5125,1.7485714285714287,0.34285714285714286,0.11428571428571428
10,91182,26.725714285714286,23.08904761904762,20.345714285714287,0.14285714285714285,0.0
10,KARB0,7.817142857142858,2.274339826839827,-2.6857142857142855,0.14285714285714285,0.0
10,KMIC0,9.84,3.292738095238095,-1.6428571428571428,0.02857142857142857,0.0
10,KYIP0,8.985714285714286,3.7254195011337874,-0.9885714285714287,0.14285714285714285,0.0
10,PALH0,-0.031428571428571445,-4.730238095238096,-8.317142857142859,0.11428571428571428,0.0
11,72202,27.85142857142857,23.36345238095238,19.717142857142857,0.2,0.0
11,72243,24.985714285714284,18.958690476190476,14.28857142857143,0.17142857142857143,0.0
11,72278,29.39428571428571,22.20797619047619,15.320000000000002,0.02857142857142857,0.0
11,72290,21.782857142857143,17.893571428571427,15.117142857142857,0.0,0.0
11,72327,17.045714285714286,10.826904761904762,5.562857142857142,0.37142857142857144,0.02857142857142857
11,72353,19.597142857142856,12.161904761904763,6.442857142857143,0.17142857142857143,0.0
11,72405,12.139999999999999,6.9470238095238095,3.1485714285714286,0.37142857142857144,0.11428571428571428
11,72494,19.75142857142857,14.266666666666666,11.051428571428572,0.17142857142857143,0.0
11,72530,8.848571428571429,3.6732142857142858,0.09142857142857139,0.2571428571428571,0.08571428571428572
11,72565,16.542857142857144,7.674761904761905,0.72,0.14285714285714285,0.14285714285714285
11,72572,17.014285714285716,10.381309523809524,5.137142857142858,0.14285714285714285,0.02857142857142857
11,72606,3.7,-0.895952380952381,-4.917142857142857,0.34285714285714286,0.08571428571428572
11,72681,15.068571428571428,8.730714285714285,4.031428571428571,0.2857142857142857,0.05714285714285714
11,72698,14.16,9.085595238095237,5.717142857142857,0.6285714285714286,0.0
11,72793,12.125714285714285,8.188690476190477,5.354285714285714,0.6285714285714286,0.02857142857142857
11,74486,8.26,4.066904761904762,0.8485714285714286,0.37142857142857144,0.17142857142857143
11,91182,27.05142857142857,23.390714285714285,20.60571428571429,0.22857142857142856,0.0
11,KARB0,6.948571428571428,1.6252380952380954,-2.7600000000000002,0.22857142857142856,0.0
11,KMIC0,6.145714285714286,1.3741666666666665,-2.6714285714285713,0.34285714285714286,0.0
11,KYIP0,8.477142857142857,3.1230952380952384,-1.1571428571428573,0.17142857142857143,0.0
11,PALH0,1.3942857142857144,-3.288214285714286,-7.565714285714286,0.11428571428571428,0.0
12,72202,27.62,23.38488095238095,20.142857142857142,0.2857142857142857,0.0
12,72243,24.808571428571426,18.935357142857143,13.745714285714286,0.34285714285714286,0.0
12,72278,29.591428571428573,22.444404761904764,15.542857142857143,0.02857142857142857,0.0
12,72290,20.877142857142857,17.245833333333334,14.468571428571428,0.11428571428571428,0.0
12,72327,18.502857142857142,12.003214285714286,7.102857142857142,0.4,0.0
12,72353,22.037142857142857,13.788214285714284,7.9228571428571435,0.17142857142857143,0.0
12,72405,14.625714285714285,8.897976190476191,4.92,0.34285714285714286,0.02857142857142857
12,72494,19.34285714285714,14.427261904761904,11.40857142857143,0.34285714285714286,0.0
12,72530,7.9228571428571435,3.1675,-0.25142857142857145,0.4,0.02857142857142857
12,72565,16.597142857142856,7.365238095238096,0.24000000000000002,0.34285714285714286,0.22857142857142856
12,72572,16.562857142857144,10.087142857142858,5.148571428571429,0.34285714285714286,0.14285714285714285
12,72606,5.325714285714286,0.7801190476190476,-2.9285714285714284,0.4,0.11428571428571428
12,72681,15.317142857142859,8.809099378881987,4.005714285714285,0.45714285714285713,0.02857142857142857
12,72698,14.825714285714286,9.860476190476192,6.722857142857143,0.6857142857142857,0.0
12,72793,13.1,9.16095238095238,6.585714285714285,0.6857142857142857,0.0
12,74486,9.860000000000001,5.211309523809524,1.7057142857142857,0.3142857142857143,0.05714285714285714
12,91182,27.92285714285714,24.204047619047618,21.11714285714286,0.3142857142857143,0.0
12,KARB0,7.848571428571428,1.7760714285714285,-2.5342857142857143,0.37142857142857144,0.0
12,KMIC0,5.442857142857143,0.6692184265010351,-3.2542857142857144,0.2857142857142857,0.0
12,KYIP0,9.3,3.231827122153209,-1.217142857142857,0.42857142857142855,0.0
12,PALH0,3.5914285714285716,-1.3120238095238095,-5.742857142857143,0.05714285714285714,0.0
13,72202,28.14857142857143,24.25559523809524,21.07714285714286,0.22857142857142856,0.0
13,72243,26.205714285714286,21.01452380952381,16.754285714285714,0.2,0.0
13,72278,29.254285714285714,22.288809523809523,15.588571428571429,0.0,0.0
13,72290,20.297142857142855,16.89428571428571,14.371428571428572,0.11428571428571428,0.0
13,72327,21.294285714285714,14.836666666666666,9.265714285714287,0.45714285714285713,0.0
13,72353,22.405714285714286,13.839922360248448,7.760000000000001,0.14285714285714285,0.02857142857142857
13,72405,18.762857142857143,12.49297619047619,8.331428571428573,0.42857142857142855,0.0
13,72494,17.591428571428573,13.473928571428571,10.748571428571429,0.2857142857142857,0.0
13,72530,11.3,5.866547619047619,1.7857142857142858,0.4,0.11428571428571428
13,72565,15.265714285714285,6.404166666666667,0.32857142857142857,0.34285714285714286,0.2
13,72572,15.422857142857142,9.323333333333332,4.557142857142857,0.5142857142857142,0.05714285714285714
13,72606,7.682857142857142,3.619404761904762,0.2628571428571428,0.4857142857142857,0.14285714285714285
13,72681,15.142857142857142,8.716071428571428,3.582857142857143,0.2571428571428571,0.05714285714285714
13,72698,15.722857142857142,10.240119047619048,6.66,0.5714285714285714,0.0
13,72793,14.254285714285714,9.632738095238095,6.574285714285714,0.5428571428571428,0.0
13,74486,11.82857142857143,7.3808333333333325,4.182857142857143,0.6285714285714286,0.02857142857142857
13,91182,27.934285714285714,24.474285714285713,21.76,0.37142857142857144,0.0
13,KARB0,11.048571428571428,4.859455782312925,0.25999999999999995,0.5714285714285714,0.0
13,KMIC0,10.237142857142857,3.576133540372671,-1.4114285714285715,0.37142857142857144,0.0
13,KYIP0,12.668571428571427,6.494151138716356,2.0485714285714285,0.5428571428571428,0.0
13,PALH0,5.217142857142857,0.7536904761904761,-2.7142857142857144,0.2,0.0
14,72202,28.84,24.95547619047619,21.917142857142856,0.22857142857142856,0.0
14,72243,25.88285714285714,19.599285714285713,14.148571428571428,0.2,0.0
14,72278,31.588571428571427,24.259642857142858,17.245714285714286,0.02857142857142857,0.0
14,72290,22.2,17.97404761904762,14.748571428571429,0.05714285714285714,0.0
14,72327,21.565714285714286,14.62761904761905,8.860000000000001,0.37142857142857144,0.0
14,72353,23.708571428571428,15.914761904761905,9.871428571428572,0.2571428571428571,0.0
14,72405,18.608571428571427,12.737142857142857,8.265714285714287,0.4,0.08571428571428572
14,72494,20.225714285714286,14.604880952380952,11.128571428571428,0.2,0.0
14,72530,13.337142857142858,7.269285714285715,3.0114285714285716,0.4,0.11428571428571428
14,72565,19.525714285714287,10.51607142857143,3.3200000000000003,0.2,0.14285714285714285
14,72572,19.034285714285716,12.196666666666667,6.6171428571428565,0.2571428571428571,0.05714285714285714
14,72606,8.405714285714286,4.011645962732919,-0.25142857142857145,0.34285714285714286,0.05714285714285714
14,72681,18.234285714285715,11.272619047619049,5.648571428571429,0.2857142857142857,0.02857142857142857
14,72698,17.81142857142857,11.665,7.58,0.42857142857142855,0.0
14,72793,15.78,10.704880952380952,7.442857142857143,0.5142857142857142,0.0
14,74486,12.71142857142857,8.357738095238094,4.771428571428571,0.37142857142857144,0.02857142857142857
14,91182,28.18,24.595714285714287,22.002857142857142,0.2571428571428571,0.0
14,KARB0,12.277142857142858,5.8475,0.23142857142857143,0.4857142857142857,0.0
14,KMIC0,11.131428571428572,5.422531055900621,0.7114285714285715,0.37142857142857144,0.0
14,KYIP0,13.9,7.445802277432712,2.2114285714285713,0.5714285714285714,0.0
14,PALH0,7.462857142857143,3.009223602484472,-0.5542857142857143,0.14285714285714285,0.0
15,72202,28.805714285714288,25.069880952380952,22.108571428571427,0.2571428571428571,0.0
15,72243,25.305714285714288,20.091428571428573,15.891428571428573,0.37142857142857144,0.0
15,72278,30.06857142857143,23.137738095238095,16.41142857142857,0.02857142857142857,0.0
15,72290,21.34,17.539166666666667,14.705714285714286,0.05714285714285714,0.0
15,72327,23.05142857142857,15.8975,9.994285714285715,0.4,0.02857142857142857
15,72353,22.877142857142857,15.69011904761905,10.46,0.22857142857142856,0.0
15,72405,20.557142857142857,14.334523809523809,9.237142857142857,0.3142857142857143,0.0
15,72494,18.728571428571428,13.78154761904762,10.637142857142857,0.17142857142857143,0.0
15,72530,15.362857142857145,9.42345238095238,4.591428571428571,0.3142857142857143,0.17142857142857143
15,72565,18.234285714285715,9.374880952380952,2.357142857142857,0.22857142857142856,0.08571428571428572
15,72572,18.18,11.141666666666666,5.817142857142857,0.22857142857142856,0.08571428571428572
15,72606,13.28857142857143,7.281475155279503,2.225714285714286,0.37142857142857144,0.05714285714285714
15,72681,18.28857142857143,10.595714285714287,4.6,0.3142857142857143,0.02857142857142857
15,72698,16.325714285714284,10.663452380952382,6.6571428571428575,0.4857142857142857,0.0
15,72793,14.451428571428572,9.8575,6.4314285714285715,0.6,0.0
15,74486,14.834285714285716,10.065,6.1257142857142854,0.2571428571428571,0.0
15,91182,28.76285714285714,25.11714285714286,22.54857142857143,0.22857142857142856,0.0
15,KARB0,15.202857142857143,8.538214285714284,2.6514285714285712,0.4,0.0
15,KMIC0,14.360000000000001,8.175833333333333,2.8971428571428572,0.37142857142857144,0.0
15,KYIP0,16.905714285714286,10.175119047619047,4.359999999999999,0.3142857142857143,0.0
15,PALH0,9.042857142857143,4.225584886128364,0.1742857142857143,0.11428571428571428,0.0
16,72202,28.825714285714284,25.087261904761906,21.997142857142858,0.37142857142857144,0.0
16,72243,27.302857142857142,21.973214285714285,17.3,0.34285714285714286,0.0
16,72278,33.31428571428572,26.32095238095238,18.994285714285713,0.02857142857142857,0.0
16,72290,22.02,18.339285714285715,15.517142857142858,0.08571428571428572,0.0
16,72327,24.174285714285716,17.930833333333332,12.574285714285715,0.4857142857142857,0.0
16,72353,23.208571428571428,16.808571428571426,11.491428571428571,0.37142857142857144,0.0
16,72405,22.074285714285715,16.38,11.8,0.4,0.0
16,72494,19.602857142857143,14.864761904761904,11.785714285714286,0.2571428571428571,0.0
16,72530,17.945714285714285,11.580357142857142,6.597142857142857,0.2571428571428571,0.0
16,72565,18.47714285714286,10.308478260869565,3.825714285714286,0.2571428571428571,0.08571428571428572
16,72572,20.862857142857145,14.22452380952381,8.782857142857143,0.2857142857142857,0.0
16,72606,14.134285714285713,8.938571428571429,4.28,0.45714285714285713,0.02857142857142857
16,72681,21.268571428571427,13.217820910973085,6.877142857142857,0.2571428571428571,0.0
16,72698,20.571428571428573,13.798571428571428,8.84,0.45714285714285713,0.0
16,72793,19.114285714285714,12.940833333333334,8.482857142857142,0.4,0.0
16,74486,17.268571428571427,12.408690476190477,8.71142857142857,0.34285714285714286,0.0
16,91182,28.2,24.588333333333335,22.177142857142858,0.4,0.0
16,KARB0,17.245714285714286,10.584482401656315,4.785714285714286,0.37142857142857144,0.0
16,KMIC0,16.708571428571428,10.51082298136646,5.12,0.4,0.0
16,KYIP0,18.862857142857145,12.204570393374743,6.565714285714286,0.4,0.0
16,PALH0,10.048571428571428,5.696046960286091,1.3914285714285715,0.14285714285714285,0.0
17,72202,29.57714285714286,26.12797619047619,23.22285714285714,0.2,0.0
17,72243,28.14,22.57797619047619,17.72285714285714,0.2,0.0
17,72278,31.214285714285715,24.819523809523808,18.614285714285714,0.02857142857142857,0.0
17,72290,23.14857142857143,18.923333333333336,15.7,0.08571428571428572,0.0
17,72327,24.862857142857145,18.16035714285714,12.371428571428572,0.4,0.0
17,72353,24.39428571428571,17.29440476190476,11.637142857142857,0.22857142857142856,0.0
17,72405,22.38285714285714,16.78035714285714,12.425714285714285,0.4,0.0
17,72494,20.294285714285714,14.93845238095238,11.48857142857143,0.02857142857142857,0.0
17,72530,18.18285714285714,12.1925,7.537142857142857,0.42857142857142855,0.0
17,72565,16.845714285714287,9.467500000000001,4.297142857142857,0.42857142857142855,0.14285714285714285
17,72572,17.65142857142857,11.676309523809524,6.965714285714286,0.42857142857142855,0.02857142857142857
17,72606,14.64857142857143,9.56202380952381,4.868571428571428,0.34285714285714286,0.02857142857142857
17,72681,19.594285714285714,12.324166666666665,6.02,0.2,0.0
17,72698,19.3,13.00447204968944,8.528571428571428,0.5142857142857142,0.0
17,72793,17.731428571428573,12.291309523809524,8.471428571428572,0.37142857142857144,0.0
17,74486,17.791428571428572,13.463333333333333,10.148571428571428,0.37142857142857144,0.0
17,91182,27.84285714285714,24.354404761904764,21.68,0.22857142857142856,0.0
17,KARB0,18.87142857142857,12.005688405797102,5.711428571428572,0.34285714285714286,0.0
17,KMIC0,16.774285714285714,10.903297101449276,5.937142857142858,0.5428571428571428,0.0
17,KYIP0,20.41142857142857,13.651428571428571,7.808571428571429,0.4,0.0
17,PALH0,11.8,7.6746428571428575,3.8228571428571434,0.11428571428571428,0.0
18,72202,29.317142857142855,25.83904761904762,22.84285714285714,0.2571428571428571,0.0
18,72243,28.99142857142857,23.203214285714285,17.731428571428573,0.2571428571428571,0.0
18,72278,34.294285714285714,27.140714285714285,20.25142857142857,0.05714285714285714,0.0
18,72290,20.505714285714287,17.66035714285714,15.65142857142857,0.14285714285714285,0.0
18,72327,26.96,20.239880952380954,13.82,0.3142857142857143,0.0
18,72353,26.47714285714286,19.570833333333333,13.442857142857143,0.17142857142857143,0.0
18,72405,24.28857142857143,19.004880952380955,14.982857142857142,0.37142857142857144,0.0
18,72494,20.294285714285714,15.067857142857143,11.951428571428572,0.05714285714285714,0.0
18,72530,19.76,13.709166666666667,9.19142857142857,0.4857142857142857,0.0
18,72565,20.785714285714285,12.90797619047619,6.951428571428572,0.4,0.05714285714285714
18,72572,22.094285714285714,16.011785714285715,11.062857142857142,0.34285714285714286,0.0
18,72606,15.7,10.761785714285715,6.622857142857143,0.45714285714285713,0.0
18,72681,23.14857142857143,15.386309523809524,9.11142857142857,0.3142857142857143,0.0
18,72698,21.905714285714286,15.098887163561075,10.482857142857142,0.45714285714285713,0.0
18,72793,20.11714285714286,13.801904761904762,9.697142857142856,0.42857142857142855,0.0
18,74486,18.47714285714286,14.402769151138717,11.208571428571428,0.34285714285714286,0.0
18,91182,28.434285714285714,24.836666666666666,22.108571428571427,0.2857142857142857,0.0
18,KARB0,19.35142857142857,13.21234126984127,7.774285714285715,0.5714285714285714,0.0
18,KMIC0,20.76,14.185056935817807,8.362857142857143,0.37142857142857144,0.0
18,KYIP0,21.137142857142855,14.880119047619047,9.782857142857145,0.6,0.0
18,PALH0,12.84,8.522857142857143,4.7628571428571425,0.17142857142857143,0.0
19,72202,29.585714285714285,26.13440476190476,23.097142857142856,0.34285714285714286,0.0
19,72243,29.408571428571427,24.503214285714286,20.32,0.4,0.0
19,72278,32.95142857142857,26.312380952380956,19.902857142857144,0.11428571428571428,0.0
19,72290,22.122857142857143,18.629761904761903,16.18285714285714,0.14285714285714285,0.0
19,72327,27.754285714285714,21.76,16.728571428571428,0.37142857142857144,0.0
19,72353,26.62857142857143,20.370595238095238,14.94857142857143,0.2571428571428571,0.0
19,72405,23.7,18.5675,14.942857142857143,0.5142857142857142,0.0
19,72494,20.4,15.403571428571428,12.385714285714286,0.02857142857142857,0.0
19,72530,19.274285714285714,13.400119047619048,9.142857142857142,0.5428571428571428,0.0
19,72565,18.779999999999998,11.413788819875776,6.180000000000001,0.42857142857142855,0.0
19,72572,22.362857142857145,15.581547619047617,10.18,0.22857142857142856,0.0
19,72606,18.068571428571428,12.53702380952381,8.0,0.34285714285714286,0.0
19,72681,23.397142857142857,15.526785714285714,9.11142857142857,0.34285714285714286,0.0
19,72698,23.560000000000002,16.076904761904764,11.014285714285714,0.2,0.0
19,72793,21.771428571428572,15.126666666666665,10.682857142857141,0.2571428571428571,0.0
19,74486,19.497142857142858,15.470595238095237,12.234285714285713,0.45714285714285713,0.0
19,91182,28.83142857142857,25.09559523809524,22.245714285714286,0.11428571428571428,0.0
19,KARB0,19.888571428571428,13.851677018633541,8.157142857142857,0.5142857142857142,0.0
19,KMIC0,19.805714285714288,13.684906832298138,8.362857142857143,0.5142857142857142,0.0
19,KYIP0,21.939999999999998,15.619166666666667,10.205714285714285,0.5428571428571428,0.0
19,PALH0,15.431428571428572,10.627976190476192,6.534285714285714,0.05714285714285714,0.0
20,72202,30.388571428571424,26.89,24.042857142857144,0.4,0.0
20,72243,29.291428571428572,24.535238095238096,21.00857142857143,0.45714285714285713,0.0
20,72278,33.40285714285714,27.109166666666667,20.782857142857143,0.0,0.0
20,72290,19.98,17.68857142857143,16.177142857142858,0.08571428571428572,0.0
20,72327,27.794285714285714,21.302142857142858,15.877142857142859,0.2571428571428571,0.0
20,72353,26.305714285714288,20.22285714285714,15.825714285714286,0.45714285714285713,0.0
20,72405,26.13142857142857,20.39047619047619,15.777142857142858,0.34285714285714286,0.0
20,72494,19.48,14.973214285714286,12.357142857142858,0.08571428571428572,0.0
20,72530,22.934285714285714,16.279223602484475,11.34,0.2571428571428571,0.0
20,72565,20.67142857142857,13.047500000000001,7.545714285714286,0.45714285714285713,0.05714285714285714
20,72572,22.560000000000002,16.12559523809524,10.865714285714287,0.37142857142857144,0.02857142857142857
20,72606,19.91142857142857,14.38595238095238,9.58,0.34285714285714286,0.0
20,72681,22.98,15.540952380952383,9.934285714285714,0.4857142857142857,0.0
20,72698,21.65142857142857,15.300595238095239,11.639999999999999,0.3142857142857143,0.0
20,72793,19.891428571428573,14.493809523809523,10.897142857142857,0.2857142857142857,0.0
20,74486,22.874285714285715,17.497261904761906,13.582857142857142,0.2857142857142857,0.0
20,91182,29.057142857142857,25.659642857142856,22.76,0.11428571428571428,0.0
20,KARB0,22.694285714285712,15.513902691511388,9.194285714285714,0.34285714285714286,0.0
20,KMIC0,23.137142857142855,16.00271645021645,9.905714285714286,0.2857142857142857,0.0
20,KYIP0,24.805714285714288,17.707820910973084,11.774285714285716,0.2857142857142857,0.0
20,PALH0,15.705714285714286,11.294285714285715,7.442857142857143,0.22857142857142856,0.0
21,72202,30.591428571428573,27.427738095238094,24.865714285714283,0.45714285714285713,0.0
21,72243,30.557142857142857,25.466547619047617,21.308571428571426,0.45714285714285713,0.0
21,72278,36.89142857142857,30.103452380952383,23.18285714285714,0.0,0.0
21,72290,20.94857142857143,18.39190476190476,16.685714285714287,0.0,0.0
21,72327,29.071428571428573,22.991190476190475,18.285714285714285,0.5428571428571428,0.0
21,72353,28.174285714285716,22.451904761904764,17.802857142857142,0.45714285714285713,0.0
21,72405,27.291428571428572,22.041904761904764,18.245714285714286,0.45714285714285713,0.0
21,72494,20.64857142857143,15.391785714285714,12.274285714285716,0.0,0.0
21,72530,26.362857142857145,20.28392857142857,15.14857142857143,0.5142857142857142,0.0
21,72565,23.891428571428573,15.672619047619046,8.905714285714286,0.4,0.0
21,72572,24.98857142857143,18.052857142857142,12.639999999999999,0.37142857142857144,0.0
21,72606,21.15714285714286,15.391904761904764,10.968571428571428,0.42857142857142855,0.0
21,72681,25.205714285714286,17.43940476190476,10.565714285714286,0.22857142857142856,0.0
21,72698,23.12857142857143,16.307738095238097,11.631428571428572,0.2,0.0
21,72793,21.142857142857142,15.353809523809524,11.031428571428572,0.11428571428571428,0.0
21,74486,22.968571428571426,18.41619047619048,14.782857142857143,0.3142857142857143,0.0
21,91182,28.97714285714286,25.275357142857143,22.38285714285714,0.4,0.0
21,KARB0,26.119999999999997,19.800357142857145,13.505714285714285,0.34285714285714286,0.0
21,KMIC0,25.428571428571427,19.431023809523808,14.382857142857143,0.6,0.0
21,KYIP0,28.397142857142857,22.094166666666666,16.125714285714285,0.4,0.0
21,PALH0,15.420000000000002,11.453051948051948,8.06,0.45714285714285713,0.0
22,72202,30.954285714285717,27.553809523809523,24.791428571428572,0.4857142857142857,0.0
22,72243,31.411428571428573,26.4075,22.18285714285714,0.3142857142857143,0.0
22,72278,39.77142857142857,32.751547619047614,24.922857142857143,0.05714285714285714,0.0
22,72290,21.282857142857143,18.54261904761905,16.765714285714285,0.02857142857142857,0.0
22,72327,29.76857142857143,23.97202380952381,18.779999999999998,0.2857142857142857,0.0
22,72353,29.811428571428575,23.7425,18.425714285714285,0.3142857142857143,0.0
22,72405,27.15714285714286,22.272380952380953,18.197142857142858,0.42857142857142855,0.0
22,72494,20.737142857142857,15.661190476190475,12.425714285714285,0.0,0.0
22,72530,25.34857142857143,19.333333333333332,13.911428571428571,0.3142857142857143,0.0
22,72565,27.2,18.80059523809524,11.462857142857143,0.3142857142857143,0.0
22,72572,30.311428571428575,22.958214285714288,15.842857142857143,0.05714285714285714,0.0
22,72606,18.54,13.83095238095238,9.957142857142857,0.45714285714285713,0.0
22,72681,29.79714285714286,21.190170807453416,13.534285714285714,0.08571428571428572,0.0
22,72698,25.162857142857145,17.682619047619045,12.854285714285714,0.2,0.0
22,72793,22.877142857142857,16.298809523809524,12.025714285714285,0.2571428571428571,0.0
22,74486,22.768571428571427,18.291190476190476,15.105714285714287,0.34285714285714286,0.0
22,91182,29.405714285714286,25.78857142857143,22.95142857142857,0.2,0.0
22,KARB0,24.434285714285714,17.971190476190475,10.742857142857142,0.37142857142857144,0.0
22,KMIC0,24.47714285714286,18.861785714285716,14.2,0.2857142857142857,0.0
22,KYIP0,26.782857142857143,20.311095238095238,13.98857142857143,0.34285714285714286,0.0
22,PALH0,17.805714285714288,13.037789855072463,9.28857142857143,0.2857142857142857,0.0
23,72202,31.082857142857147,27.078928571428573,24.345714285714287,0.8,0.0
23,72243,32.29714285714286,27.302857142857142,22.934285714285714,0.34285714285714286,0.0
23,72278,40.565714285714286,34.215833333333336,27.608571428571427,0.0,0.0
23,72290,21.531428571428574,19.14047619047619,17.765714285714285,0.0,0.0
23,72327,29.822857142857142,24.124642857142856,18.731428571428573,0.37142857142857144,0.0
23,72353,31.317142857142855,25.134642857142858,19.254285714285714,0.22857142857142856,0.0
23,72405,28.637142857142855,23.824285714285715,19.757142857142856,0.34285714285714286,0.0
23,72494,22.285714285714285,16.654761904761905,13.194285714285714,0.05714285714285714,0.0
23,72530,26.34857142857143,20.575119047619047,15.865714285714285,0.5142857142857142,0.0
23,72565,28.745714285714286,20.48595238095238,13.257142857142858,0.34285714285714286,0.0
23,72572,32.01714285714286,24.506666666666668,18.091428571428573,0.11428571428571428,0.0
23,72606,22.32,16.997738095238095,12.322857142857144,0.4,0.0
23,72681,30.22571428571429,21.62559523809524,14.434285714285714,0.05714285714285714,0.0
23,72698,25.12,17.970952380952383,13.031428571428572,0.2857142857142857,0.0
23,72793,23.294285714285714,16.934285714285714,12.274285714285716,0.2571428571428571,0.0
23,74486,24.785714285714285,20.24357142857143,16.634285714285717,0.3142857142857143,0.0
23,91182,30.071428571428573,26.31297619047619,23.38285714285714,0.2571428571428571,0.0
23,KARB0,25.425714285714285,19.058545548654244,12.98857142857143,0.3142857142857143,0.0
23,KMIC0,27.72,21.200662525879917,15.191428571428572,0.4,0.0
23,KYIP0,27.745714285714286,21.26439440993789,15.78857142857143,0.3142857142857143,0.0
23,PALH0,16.791428571428572,12.821818181818182,9.774285714285716,0.5428571428571428,0.0
24,72202,31.76857142857143,28.208095238095236,25.445714285714285,0.6,0.0
24,72243,32.24857142857143,28.018333333333334,24.645714285714288,0.42857142857142855,0.0
24,72278,40.54,33.70178571428571,26.17142857142857,0.0,0.0
24,72290,22.65714285714286,19.522619047619045,17.377142857142857,0.02857142857142857,0.0
24,72327,32.83714285714286,26.88440476190476,21.782857142857143,0.37142857142857144,0.0
24,72353,31.65714285714286,26.325,21.731428571428573,0.3142857142857143,0.0
24,72405,30.982857142857146,26.27047619047619,22.468571428571426,0.37142857142857144,0.0
24,72494,21.48857142857143,16.202738095238093,12.891428571428571,0.0,0.0
24,72530,28.771428571428572,22.949285714285715,18.65714285714286,0.5142857142857142,0.0
24,72565,29.674285714285713,20.66940476190476,13.237142857142857,0.2,0.0
24,72572,30.034285714285716,22.17988095238095,15.688571428571429,0.22857142857142856,0.0
24,72606,23.89428571428571,18.60011904761905,13.428571428571429,0.2571428571428571,0.0
24,72681,26.18857142857143,18.641547619047618,12.037142857142857,0.2571428571428571,0.0
24,72698,23.742857142857144,16.96142857142857,12.568571428571428,0.42857142857142855,0.0
24,72793,22.28857142857143,16.316666666666666,12.1,0.3142857142857143,0.0
24,74486,26.84857142857143,22.455714285714286,18.834285714285716,0.3142857142857143,0.0
24,91182,30.125714285714288,26.38761904761905,23.42,0.2857142857142857,0.0
24,KARB0,27.614285714285714,21.598666666666666,15.882857142857143,0.4,0.0
24,KMIC0,27.691428571428574,22.057308488612836,17.322857142857142,0.5142857142857142,0.0
24,KYIP0,29.957142857142856,23.792857142857144,18.439999999999998,0.4857142857142857,0.0
24,PALH0,19.934285714285714,15.31021221532091,11.637142857142857,0.2857142857142857,0.0
25,72202,31.76857142857143,28.440952380952382,25.779999999999998,0.7142857142857143,0.0
25,72243,32.95142857142857,28.327903726708072,24.674285714285716,0.37142857142857144,0.0
25,72278,43.36571428571428,36.80880952380952,29.854285714285716,0.02857142857142857,0.0
25,72290,23.345714285714287,20.470238095238095,18.717142857142857,0.0,0.0
25,72327,31.974285714285713,26.722619047619048,22.34285714285714,0.4,0.0
25,72353,32.511428571428574,26.615357142857142,21.1,0.17142857142857143,0.0
25,72405,30.65142857142857,26.238690476190474,22.10571428571429,0.4,0.0
25,72494,23.485714285714284,17.723333333333336,14.09142857142857,0.0,0.0
25,72530,27.968571428571426,22.808571428571426,18.60571428571429,0.42857142857142855,0.0
25,72565,31.685714285714287,22.27654761904762,14.8,0.2857142857142857,0.0
25,72572,33.68857142857143,26.091190476190476,18.8,0.05714285714285714,0.0
25,72606,24.31142857142857,19.090833333333332,14.342857142857143,0.4,0.0
25,72681,31.34285714285714,22.83857142857143,14.934285714285716,0.05714285714285714,0.0
25,72698,27.125714285714285,19.729761904761904,14.585714285714285,0.17142857142857143,0.0
25,72793,23.66857142857143,17.901785714285715,13.457142857142857,0.22857142857142856,0.0
25,74486,27.84285714285714,23.58,19.98,0.34285714285714286,0.0
25,91182,30.082857142857147,26.433095238095238,23.548571428571428,0.2857142857142857,0.0
25,KARB0,26.877142857142857,21.02704229517894,14.854285714285714,0.4,0.0
25,KMIC0,27.808571428571426,22.276666666666667,17.111428571428572,0.37142857142857144,0.0
25,KYIP0,29.208571428571428,23.43893374741201,17.877142857142857,0.34285714285714286,0.0
25,PALH0,18.31142857142857,14.297453416149068,11.291428571428572,0.3142857142857143,0.0
26,72202,32.18571428571428,28.524761904761906,25.560000000000002,0.7428571428571429,0.0
26,72243,33.3,27.86654761904762,23.837142857142855,0.34285714285714286,0.0
26,72278,42.09714285714286,35.985238095238095,29.92,0.11428571428571428,0.0
26,72290,24.271428571428572,20.954440993788822,19.097142857142856,0.05714285714285714,0.0
26,72327,31.02,25.44535714285714,20.531428571428574,0.5142857142857142,0.0
26,72353,32.645714285714284,26.732857142857142,21.47142857142857,0.22857142857142856,0.0
26,72405,30.545714285714283,26.059166666666666,21.994285714285713,0.34285714285714286,0.0
26,72494,22.428571428571427,17.43559523809524,14.1,0.0,0.0
26,72530,26.768571428571427,21.654642857142857,17.04857142857143,0.4,0.0
26,72565,31.38,22.33797619047619,14.634285714285715,0.2,0.0
26,72572,35.145714285714284,27.79940476190476,20.94857142857143,0.02857142857142857,0.0
26,72606,25.345714285714287,20.568809523809524,16.165714285714284,0.4857142857142857,0.0
26,72681,35.12285714285714,26.415714285714284,17.779999999999998,0.05714285714285714,0.0
26,72698,29.488571428571426,21.320476190476192,15.574285714285715,0.05714285714285714,0.0
26,72793,27.074285714285715,19.841309523809525,14.571428571428571,0.08571428571428572,0.0
26,74486,27.48,23.6302380952381,20.385714285714286,0.37142857142857144,0.0
26,91182,30.69714285714286,27.042738095238093,24.114285714285714,0.2,0.0
26,KARB0,26.754285714285714,20.538214285714286,14.017142857142856,0.34285714285714286,0.0
26,KMIC0,26.694285714285712,21.048333333333332,15.84,0.34285714285714286,0.0
26,KYIP0,29.07714285714286,23.167976190476192,17.571428571428573,0.3142857142857143,0.0
26,PALH0,20.745714285714286,16.365,12.82857142857143,0.2857142857142857,0.0
27,72202,32.462857142857146,29.086904761904762,26.437142857142856,0.4857142857142857,0.0
27,72243,34.04857142857143,29.117857142857144,24.97714285714286,0.11428571428571428,0.0
27,72278,41.54,35.41297619047619,30.04857142857143,0.05714285714285714,0.0
27,72290,24.525714285714287,21.82357142857143,20.145714285714288,0.0,0.0
27,72327,32.25142857142857,26.554156314699792,21.24,0.5142857142857142,0.0
27,72353,33.08,26.982738095238098,21.825714285714284,0.2,0.0
27,72405,31.505714285714287,26.92595238095238,23.02,0.4857142857142857,0.0
27,72494,22.591428571428573,17.380000000000003,14.317142857142859,0.0,0.0
27,72530,28.428571428571427,23.321428571428573,18.6,0.37142857142857144,0.0
27,72565,32.38285714285715,23.81892857142857,16.274285714285714,0.22857142857142856,0.0
27,72572,34.89142857142857,28.100196687370598,21.845714285714287,0.2,0.0
27,72606,26.208571428571428,21.014166666666668,15.854285714285714,0.22857142857142856,0.0
27,72681,34.88285714285715,26.590119047619048,18.834285714285716,0.08571428571428572,0.0
27,72698,29.685714285714287,21.294880952380954,15.645714285714286,0.05714285714285714,0.0
27,72793,26.86,19.852261904761903,14.628571428571428,0.08571428571428572,0.0
27,74486,28.414285714285715,24.397738095238097,20.957142857142856,0.2571428571428571,0.0
27,91182,30.771428571428572,27.15511904761905,24.545714285714286,0.2571428571428571,0.0
27,KARB0,27.637142857142855,20.86,13.54,0.2571428571428571,0.0
27,KMIC0,29.137142857142855,23.37238095238095,18.025714285714287,0.37142857142857144,0.0
27,KYIP0,29.631428571428568,23.581904761904763,17.225714285714286,0.2,0.0
27,PALH0,19.097142857142856,15.34565734989648,12.688571428571429,0.5714285714285714,0.0
28,72202,32.5,28.86297619047619,25.774285714285714,0.6571428571428571,0.0
28,72243,34.38857142857143,29.296666666666663,25.15142857142857,0.2571428571428571,0.0
28,72278,41.32857142857143,35.63154761904762,30.245714285714282,0.14285714285714285,0.0
28,72290,24.5,21.719404761904762,20.071428571428573,0.02857142857142857,0.0
28,72327,31.95428571428571,26.661309523809525,21.905714285714286,0.34285714285714286,0.0
28,72353,33.66571428571429,27.392261904761902,21.954285714285714,0.2,0.0
28,72405,31.365714285714283,26.970544217687074,23.042857142857144,0.2571428571428571,0.0
28,72494,22.68857142857143,17.280238095238097,13.985714285714286,0.0,0.0
28,72530,27.9,23.04559523809524,18.84,0.5428571428571428,0.0
28,72565,32.07142857142857,23.314285714285713,16.025714285714287,0.34285714285714286,0.0
28,72572,34.894285714285715,27.918690476190477,21.391428571428573,0.02857142857142857,0.0
28,72606,25.442857142857143,20.658918219461697,16.37142857142857,0.34285714285714286,0.0
28,72681,34.02571428571429,25.57714285714286,17.38,0.14285714285714285,0.0
28,72698,28.728571428571428,20.885,15.442857142857143,0.11428571428571428,0.0
28,72793,26.597142857142856,19.794166666666666,14.602857142857143,0.0,0.0
28,74486,28.080000000000002,24.304285714285715,21.154285714285713,0.45714285714285713,0.0
28,91182,31.237142857142857,27.582619047619048,24.94857142857143,0.2857142857142857,0.0
28,KARB0,27.111428571428572,21.397738095238097,15.702857142857143,0.45714285714285713,0.0
28,KMIC0,28.002857142857142,22.368975155279504,17.545714285714286,0.42857142857142855,0.0
28,KYIP0,29.045714285714286,23.636190476190475,18.574285714285715,0.37142857142857144,0.0
28,PALH0,20.84285714285714,16.27309523809524,12.957142857142857,0.2857142857142857,0.0
29,72202,32.22857142857143,28.65095238095238,25.65714285714286,0.7428571428571429,0.0
29,72243,35.24285714285714,29.646071428571428,24.86,0.2571428571428571,0.0
29,72278,41.722857142857144,35.785714285714285,30.565714285714286,0.2,0.0
29,72290,26.18857142857143,22.866071428571427,20.825714285714284,0.08571428571428572,0.0
29,72327,32.82285714285714,27.16154761904762,22.045714285714286,0.14285714285714285,0.0
29,72353,35.33142857142857,28.5572619047619,22.50857142857143,0.05714285714285714,0.0
29,72405,32.208571428571425,27.436666666666667,23.505714285714287,0.2857142857142857,0.0
29,72494,22.494285714285713,17.64797619047619,14.625714285714286,0.0,0.0
29,72530,29.0,23.93595238095238,19.431428571428572,0.2571428571428571,0.0
29,72565,32.58,24.288333333333334,17.31714285714286,0.3142857142857143,0.0
29,72572,35.32285714285714,28.53011904761905,22.21142857142857,0.17142857142857143,0.0
29,72606,26.25142857142857,21.50107142857143,17.31142857142857,0.3142857142857143,0.0
29,72681,34.731428571428566,25.918333333333333,17.437142857142856,0.11428571428571428,0.0
29,72698,28.665714285714284,21.022142857142857,15.577142857142858,0.14285714285714285,0.0
29,72793,26.55142857142857,19.78964285714286,14.874285714285715,0.14285714285714285,0.0
29,74486,29.57428571428571,25.813333333333333,22.557142857142857,0.22857142857142856,0.0
29,91182,30.914285714285715,27.414166666666667,24.84,0.14285714285714285,0.0
29,KARB0,28.77714285714286,22.189757763975155,15.154285714285713,0.2,0.0
29,KMIC0,29.654285714285717,23.904285714285713,18.482857142857142,0.3142857142857143,0.0
29,KYIP0,30.685714285714287,24.39630952380952,18.205714285714286,0.22857142857142856,0.0
29,PALH0,20.802857142857142,16.683260869565217,13.471428571428572,0.42857142857142855,0.0
30,72202,32.65714285714286,28.966428571428573,25.934285714285714,0.5714285714285714,0.0
30,72243,34.8,29.277619047619048,24.822857142857142,0.22857142857142856,0.0
30,72278,41.64857142857143,35.41357142857142,30.354285714285716,0.17142857142857143,0.0
30,72290,26.2,23.090238095238096,21.25142857142857,0.02857142857142857,0.0
30,72327,32.488571428571426,26.915357142857143,21.694285714285712,0.22857142857142856,0.0
30,72353,33.09142857142857,27.038690476190474,21.674285714285716,0.2571428571428571,0.0
30,72405,30.942857142857143,26.778809523809525,23.225714285714286,0.4857142857142857,0.0
30,72494,22.537142857142857,17.06892857142857,13.731428571428571,0.0,0.0
30,72530,28.75142857142857,23.868928571428572,19.34,0.2857142857142857,0.0
30,72565,31.15714285714286,22.816428571428574,16.014285714285716,0.2,0.0
30,72572,34.28285714285715,26.98309523809524,20.445714285714285,0.2,0.0
30,72606,26.177142857142858,21.399642857142855,17.257142857142856,0.4,0.0
30,72681,35.47714285714286,27.165357142857143,19.174285714285716,0.02857142857142857,0.0
30,72698,31.385714285714286,22.628333333333334,16.268571428571427,0.02857142857142857,0.0
30,72793,28.825714285714284,21.17845238095238,15.202857142857143,0.11428571428571428,0.0
30,74486,28.42285714285714,24.78738095238095,21.66,0.4857142857142857,0.0
30,91182,30.882857142857144,27.455357142857142,24.89428571428571,0.14285714285714285,0.0
30,KARB0,28.18,21.48488095238095,14.688571428571429,0.3142857142857143,0.0
30,KMIC0,28.322857142857142,22.805714285714288,17.591428571428573,0.2571428571428571,0.0
30,KYIP0,30.06,23.735,17.797142857142855,0.45714285714285713,0.0
30,PALH0,20.11714285714286,16.339404761904763,13.514285714285714,0.4857142857142857,0.0
31,72202,32.45428571428572,28.77,25.714285714285715,0.5142857142857142,0.0
31,72243,34.611428571428576,28.899761904761906,24.51142857142857,0.2857142857142857,0.0
31,72278,40.15714285714286,34.02583333333333,28.902857142857144,0.2857142857142857,0.0
31,72290,26.58857142857143,23.451666666666668,21.60571428571429,0.02857142857142857,0.0
31,72327,32.07714285714286,26.167142857142856,21.174285714285716,0.45714285714285713,0.0
31,72353,33.68857142857143,27.246666666666666,21.85142857142857,0.17142857142857143,0.0
31,72405,31.417142857142853,26.743690476190476,22.897142857142857,0.3142857142857143,0.0
31,72494,22.468571428571426,17.411309523809525,14.531428571428572,0.0,0.0
31,72530,28.77714285714286,23.841190476190476,19.49142857142857,0.34285714285714286,0.0
31,72565,30.985714285714284,22.587142857142855,15.977142857142859,0.2,0.0
31,72572,33.47142857142857,26.438214285714285,20.16857142857143,0.17142857142857143,0.0
31,72606,26.654285714285713,21.446428571428573,16.64,0.2,0.0
31,72681,35.0,26.67357142857143,18.87142857142857,0.05714285714285714,0.0
31,72698,31.317142857142855,22.62404761904762,16.357142857142858,0.02857142857142857,0.0
31,72793,28.64857142857143,21.092499999999998,15.285714285714286,0.08571428571428572,0.0
31,74486,28.72285714285714,24.864166666666666,21.174285714285716,0.2857142857142857,0.0
31,91182,31.220000000000002,27.510595238095238,24.725714285714286,0.2571428571428571,0.0
31,KARB0,28.454285714285714,21.721666666666668,14.58,0.2857142857142857,0.0
31,KMIC0,28.654285714285713,22.934047619047618,17.57714285714286,0.2,0.0
31,KYIP0,30.6,23.899679089026915,17.362857142857145,0.34285714285714286,0.0
31,PALH0,20.111428571428572,16.42988095238095,13.531428571428572,0.4,0.0
32,72202,32.31428571428572,28.745,25.714285714285715,0.5714285714285714,0.0
32,72243,35.505714285714284,29.805119047619044,25.177142857142858,0.2571428571428571,0.0
32,72278,40.65142857142857,34.58892857142857,29.291428571428572,0.17142857142857143,0.0
32,72290,25.897142857142857,22.961785714285714,21.162857142857145,0.02857142857142857,0.0
32,72327,31.159999999999997,26.01702380952381,21.542857142857144,0.2571428571428571,0.0
32,72353,32.791428571428575,26.7,21.708571428571428,0.2857142857142857,0.0
32,72405,30.474285714285713,25.88,22.02857142857143,0.22857142857142856,0.0
32,72494,22.428571428571427,17.59488095238095,14.914285714285715,0.0,0.0
32,72530,28.12,23.366785714285715,19.237142857142857,0.2571428571428571,0.0
32,72565,30.082857142857147,21.99,15.445714285714287,0.3142857142857143,0.0
32,72572,33.637142857142855,26.615357142857142,20.568571428571428,0.2,0.0
32,72606,25.10571428571429,20.57404761904762,16.28857142857143,0.42857142857142855,0.0
32,72681,34.31142857142857,26.048214285714284,18.702857142857145,0.05714285714285714,0.0
32,72698,29.877142857142857,22.263571428571428,17.017142857142858,0.14285714285714285,0.0
32,72793,27.185714285714287,20.40309523809524,15.517142857142858,0.22857142857142856,0.0
32,74486,28.494285714285713,24.668333333333333,21.18,0.2857142857142857,0.0
32,91182,31.428571428571427,27.65345238095238,24.86857142857143,0.05714285714285714,0.0
32,KARB0,27.737142857142857,21.391030020703933,15.094285714285713,0.2,0.0
32,KMIC0,28.44857142857143,22.878214285714286,17.75142857142857,0.2571428571428571,0.0
32,KYIP0,29.788571428571426,23.569309523809522,18.065714285714286,0.3142857142857143,0.0
32,PALH0,18.725714285714286,15.045595238095236,12.30857142857143,0.7142857142857143,0.0
33,72202,32.68,29.420714285714283,26.65714285714286,0.5714285714285714,0.0
33,72243,34.02571428571429,28.69904761904762,24.939999999999998,0.4,0.0
33,72278,39.91428571428571,34.080714285714286,28.611428571428572,0.2571428571428571,0.0
33,72290,25.705714285714286,22.772380952380953,20.939999999999998,0.02857142857142857,0.0
33,72327,30.45142857142857,25.49702380952381,21.905714285714286,0.5714285714285714,0.0
33,72353,32.54,25.98892857142857,20.44857142857143,0.22857142857142856,0.0
33,72405,30.92285714285714,26.471190476190475,22.85142857142857,0.34285714285714286,0.0
33,72494,22.462857142857143,17.47607142857143,14.737142857142857,0.0,0.0
33,72530,28.022857142857145,23.170952380952382,19.225714285714286,0.5428571428571428,0.0
33,72565,29.205714285714283,20.850357142857145,14.045714285714286,0.34285714285714286,0.0
33,72572,31.962857142857143,24.775238095238095,18.48857142857143,0.2,0.0
33,72606,25.597142857142856,20.702261904761905,16.134285714285717,0.3142857142857143,0.0
33,72681,32.19428571428571,23.718928571428574,16.02857142857143,0.02857142857142857,0.0
33,72698,30.088571428571427,21.600238095238094,15.502857142857144,0.02857142857142857,0.0
33,72793,27.045714285714286,20.141547619047618,14.920000000000002,0.08571428571428572,0.0
33,74486,28.28857142857143,24.774761904761906,21.737142857142857,0.2571428571428571,0.0
33,91182,31.24857142857143,27.68345238095238,25.01142857142857,0.17142857142857143,0.0
33,KARB0,27.074285714285715,21.630443722943724,16.497142857142858,0.37142857142857144,0.0
33,KMIC0,25.791428571428572,21.03404761904762,17.00857142857143,0.4857142857142857,0.0
33,KYIP0,29.065714285714286,23.60615424430642,18.928571428571427,0.5714285714285714,0.0
33,PALH0,17.774285714285714,14.13596790890269,11.577142857142857,0.5714285714285714,0.0
34,72202,32.08857142857143,28.87095238095238,26.274285714285714,0.7142857142857143,0.0
34,72243,33.15714285714286,27.953809523809525,24.062857142857144,0.3142857142857143,0.0
34,72278,39.885714285714286,33.90380952380953,28.42,0.14285714285714285,0.0
34,72290,25.862857142857145,22.656190476190478,20.6,0.02857142857142857,0.0
34,72327,31.857142857142858,25.805238095238092,20.802857142857142,0.34285714285714286,0.0
34,72353,32.61714285714285,26.305595238095236,20.797142857142855,0.2,0.0
34,72405,30.428571428571427,25.882976190476192,21.802857142857142,0.17142857142857143,0.0
34,72494,22.571428571428573,17.77940476190476,15.14857142857143,0.0,0.0
34,72530,26.72285714285714,22.187261904761904,18.337142857142855,0.34285714285714286,0.0
34,72565,29.831428571428567,21.162142857142857,13.734285714285713,0.14285714285714285,0.0
34,72572,31.34857142857143,24.368690476190476,18.271428571428572,0.08571428571428572,0.0
34,72606,26.205714285714286,21.135714285714286,16.497142857142858,0.14285714285714285,0.0
34,72681,31.040000000000003,22.847976190476192,15.605714285714287,0.08571428571428572,0.0
34,72698,29.68,21.326190476190476,15.28857142857143,0.08571428571428572,0.0
34,72793,26.648571428571426,19.71035714285714,14.6,0.11428571428571428,0.0
34,74486,28.537142857142857,24.53333333333333,20.857142857142858,0.08571428571428572,0.0
34,91182,30.437142857142856,26.92988095238095,24.294285714285714,0.45714285714285713,0.0
34,KARB0,26.271428571428572,20.135119047619046,14.222857142857142,0.2571428571428571,0.0
34,KMIC0,24.902857142857144,20.006190476190476,15.765714285714285,0.4,0.0
34,KYIP0,28.1,22.189109730848863,17.037142857142857,0.3142857142857143,0.0
34,PALH0,17.271428571428572,13.599166666666665,10.957142857142857,0.5714285714285714,0.0
35,72202,31.662857142857145,28.381666666666668,25.84285714285714,0.7142857142857143,0.0
35,72243,31.294285714285714,26.77047619047619,23.59142857142857,0.45714285714285713,0.0
35,72278,40.22857142857143,34.28140476190476,28.7,0.11428571428571428,0.0
35,72290,25.58857142857143,22.406666666666666,20.514285714285716,0.0,0.0
35,72327,31.565714285714286,25.66464285714286,21.05142857142857,0.2857142857142857,0.0
35,72353,31.10285714285714,25.443809523809524,20.63142857142857,0.2571428571428571,0.0
35,72405,30.634285714285717,26.05142857142857,22.337142857142855,0.2857142857142857,0.0
35,72494,23.214285714285715,17.982380952380954,14.879999999999999,0.0,0.0
35,72530,27.12857142857143,22.649642857142855,19.08,0.42857142857142855,0.0
35,72565,29.285714285714285,20.768809523809523,14.337142857142858,0.17142857142857143,0.0
35,72572,32.379999999999995,25.203095238095237,19.108571428571427,0.05714285714285714,0.0
35,72606,25.808571428571426,20.22059523809524,15.217142857142857,0.17142857142857143,0.0
35,72681,30.55142857142857,22.01809523809524,14.708571428571426,0.02857142857142857,0.0
35,72698,27.394285714285715,19.677380952380954,14.202857142857143,0.11428571428571428,0.0
35,72793,24.017142857142858,17.942738095238095,13.922857142857143,0.22857142857142856,0.0
35,74486,28.14,24.18345238095238,20.939999999999998,0.2,0.0
35,91182,31.340000000000003,27.41595238095238,24.457142857142856,0.2857142857142857,0.0
35,KARB0,26.52285714285714,21.066428571428574,16.48857142857143,0.4,0.0
35,KMIC0,26.365714285714283,20.826785714285716,16.38285714285714,0.2857142857142857,0.0
35,KYIP0,28.462857142857143,22.912408311150546,18.65714285714286,0.4,0.0
35,PALH0,17.434285714285714,12.744642857142857,8.774285714285716,0.2857142857142857,0.0
36,72202,31.874285714285712,28.437619047619044,25.754285714285714,0.5714285714285714,0.0
36,72243,31.237142857142857,26.493333333333332,22.94857142857143,0.45714285714285713,0.0
36,72278,39.06285714285715,32.86035714285714,27.42285714285714,0.05714285714285714,0.0
36,72290,27.04,23.643452380952382,21.405714285714286,0.08571428571428572,0.0
36,72327,29.35142857142857,23.586806418219464,18.86,0.2,0.0
36,72353,30.02857142857143,23.736309523809524,18.925714285714285,0.17142857142857143,0.0
36,72405,28.308571428571426,23.923095238095236,20.35142857142857,0.3142857142857143,0.0
36,72494,24.82857142857143,18.490357142857142,14.94857142857143,0.0,0.0
36,72530,24.77714285714286,19.98488095238095,16.045714285714286,0.3142857142857143,0.0
36,72565,29.337142857142855,20.01142857142857,12.28857142857143,0.2,0.0
36,72572,29.494285714285713,21.80464285714286,14.771428571428572,0.05714285714285714,0.0
36,72606,22.825714285714284,18.166428571428572,14.151428571428571,0.45714285714285713,0.0
36,72681,28.314285714285713,19.86916666666667,12.585714285714285,0.02857142857142857,0.0
36,72698,26.54857142857143,19.442738095238095,14.342857142857143,0.17142857142857143,0.0
36,72793,23.408571428571427,18.010714285714286,14.11142857142857,0.22857142857142856,0.0
36,74486,25.779999999999998,22.06047619047619,19.02857142857143,0.42857142857142855,0.0
36,91182,31.288571428571426,27.46142857142857,24.439999999999998,0.4,0.0
36,KARB0,24.123529411764707,18.30220588235294,13.16764705882353,0.38235294117647056,0.0
36,KMIC0,24.04,18.87,14.151428571428571,0.2857142857142857,0.0
36,KYIP0,26.125714285714285,20.274642857142855,15.297142857142857,0.4,0.0
36,PALH0,16.574285714285715,12.185833333333333,8.98,0.5714285714285714,0.0
37,72202,31.840000000000003,28.44278911564626,25.845714285714287,0.45714285714285713,0.0
37,72243,31.59714285714286,26.136190476190475,21.891428571428573,0.2571428571428571,0.0
37,72278,38.09714285714286,32.16059523809524,26.705714285714286,0.14285714285714285,0.0
37,72290,25.74857142857143,22.640595238095237,20.397142857142857,0.05714285714285714,0.0
37,72327,28.63142857142857,22.33654761904762,17.142857142857142,0.17142857142857143,0.0
37,72353,30.497142857142858,23.69107142857143,18.34857142857143,0.22857142857142856,0.0
37,72405,27.582857142857144,22.728690476190476,18.754285714285714,0.14285714285714285,0.0
37,72494,23.482857142857142,17.84202380952381,14.797142857142857,0.05714285714285714,0.0
37,72530,25.402857142857144,19.698333333333334,14.825714285714286,0.2,0.0
37,72565,29.220000000000002,20.24345238095238,12.602857142857143,0.08571428571428572,0.0
37,72572,27.885714285714286,20.740357142857142,14.968571428571428,0.3142857142857143,0.0
37,72606,22.608571428571427,17.109404761904763,12.32,0.22857142857142856,0.0
37,72681,26.7,18.725833333333334,12.162857142857142,0.14285714285714285,0.0
37,72698,25.902857142857144,18.077738095238093,12.551428571428572,0.22857142857142856,0.0
37,72793,22.662857142857145,16.79,12.67142857142857,0.2,0.0
37,74486,25.037142857142857,20.9475,17.18285714285714,0.17142857142857143,0.0
37,91182,30.67142857142857,27.19511904761905,24.468571428571426,0.37142857142857144,0.0
37,KARB0,23.9,16.513214285714284,9.682857142857141,0.2,0.0
37,KMIC0,24.302857142857142,18.76297619047619,14.145714285714286,0.4,0.0
37,KYIP0,26.14,18.97714285714286,12.98857142857143,0.2571428571428571,0.0
37,PALH0,14.4,11.103333333333333,8.791428571428572,0.6571428571428571,0.0
38,72202,31.659999999999997,27.995714285714286,25.2,0.6,0.0
38,72243,31.52285714285714,26.312380952380956,22.354285714285712,0.3142857142857143,0.0
38,72278,37.12285714285714,30.769761904761904,24.87142857142857,0.11428571428571428,0.0
38,72290,25.334285714285716,22.105357142857144,20.074285714285715,0.08571428571428572,0.0
38,72327,28.734285714285715,22.70416666666667,17.36857142857143,0.2857142857142857,0.0
38,72353,29.38,22.9325,17.945714285714285,0.14285714285714285,0.0
38,72405,26.49142857142857,22.062738095238096,18.594285714285714,0.3142857142857143,0.0
38,72494,23.36,17.80690476190476,14.65142857142857,0.02857142857142857,0.0
38,72530,25.094285714285714,19.619880952380953,14.905714285714287,0.17142857142857143,0.0
38,72565,28.08,18.50952380952381,10.88,0.11428571428571428,0.0
38,72572,26.974285714285713,19.10595238095238,13.391428571428571,0.2,0.0
38,72606,21.21142857142857,16.180714285714288,11.925714285714287,0.34285714285714286,0.0
38,72681,25.08,17.271428571428572,11.265714285714287,0.3142857142857143,0.0
38,72698,22.931428571428572,16.413095238095238,12.174285714285714,0.37142857142857144,0.0
38,72793,20.065714285714286,15.187857142857144,11.902857142857144,0.4,0.0
38,74486,24.525714285714287,20.659166666666668,17.574285714285715,0.34285714285714286,0.0
38,91182,31.065714285714286,27.714404761904763,25.228571428571428,0.2,0.0
38,KARB0,24.297142857142855,16.953333333333333,10.354285714285714,0.2,0.0
38,KMIC0,23.08857142857143,17.56392857142857,13.234285714285713,0.34285714285714286,0.0
38,KYIP0,26.65142857142857,19.403690476190476,13.425714285714287,0.17142857142857143,0.0
38,PALH0,13.085714285714285,8.880776397515527,5.602857142857142,0.34285714285714286,0.0
39,72202,31.517142857142854,28.033690476190475,25.194285714285712,0.6,0.0
39,72243,30.57714285714286,25.12595238095238,21.15714285714286,0.3142857142857143,0.0
39,72278,34.06857142857143,27.833571428571428,22.145714285714288,0.14285714285714285,0.0
39,72290,27.362857142857145,23.118809523809524,19.81142857142857,0.02857142857142857,0.0
39,72327,26.925714285714285,21.31154761904762,16.465714285714284,0.2857142857142857,0.0
39,72353,27.14,20.78892857142857,15.791428571428574,0.22857142857142856,0.0
39,72405,24.71142857142857,21.03297619047619,18.068571428571428,0.34285714285714286,0.0
39,72494,24.691428571428574,18.63059523809524,15.03714285714286,0.05714285714285714,0.0
39,72530,21.84285714285714,17.18607142857143,13.52,0.45714285714285713,0.0
39,72565,22.5,14.231190476190477,8.448571428571428,0.3142857142857143,0.02857142857142857
39,72572,22.517142857142858,16.64857142857143,12.448571428571428,0.34285714285714286,0.0
39,72606,18.622857142857143,14.371863354037268,10.628571428571428,0.2857142857142857,0.0
39,72681,24.0,16.566309523809522,10.851428571428572,0.2571428571428571,0.0
39,72698,23.47142857142857,16.084642857142857,11.042857142857143,0.3142857142857143,0.0
39,72793,20.14,14.759642857142856,11.271428571428572,0.37142857142857144,0.0
39,74486,22.24,18.93654761904762,16.017142857142858,0.4,0.0
39,91182,30.617142857142856,26.949285714285715,24.091428571428573,0.22857142857142856,0.0
39,KARB0,21.091428571428573,15.629880952380953,11.0,0.37142857142857144,0.0
39,KMIC0,18.597142857142856,13.168938923395444,9.028571428571428,0.45714285714285713,0.0
39,KYIP0,22.880000000000003,17.487465986394557,13.137142857142857,0.5142857142857142,0.0
39,PALH0,11.034285714285714,7.2275,4.445714285714286,0.4857142857142857,0.0
40,72202,30.811428571428575,27.742738095238092,25.122857142857143,0.5428571428571428,0.0
40,72243,30.634285714285717,24.71904761904762,20.12,0.22857142857142856,0.0
40,72278,32.05142857142857,25.625833333333333,20.174285714285716,0.22857142857142856,0.0
40,72290,25.44857142857143,21.53238095238095,18.557142857142857,0.08571428571428572,0.0
40,72327,27.1,20.37904761904762,14.982857142857142,0.37142857142857144,0.0
40,72353,25.877142857142857,19.59297619047619,14.85142857142857,0.42857142857142855,0.0
40,72405,23.48,19.0125,15.462857142857144,0.3142857142857143,0.0
40,72494,23.58857142857143,17.482619047619046,13.694285714285714,0.0,0.0
40,72530,20.111428571428572,15.26404761904762,11.528571428571428,0.2857142857142857,0.0
40,72565,18.808571428571426,11.679404761904761,6.394285714285715,0.2857142857142857,0.08571428571428572
40,72572,19.954285714285714,13.449512367876212,8.431428571428572,0.17142857142857143,0.0
40,72606,18.25142857142857,12.883167701863355,8.217142857142857,0.22857142857142856,0.0
40,72681,20.885714285714286,13.55154761904762,7.708571428571429,0.08571428571428572,0.0
40,72698,21.622857142857143,15.346666666666666,11.137142857142857,0.42857142857142855,0.0
40,72793,18.54857142857143,13.936785714285714,10.957142857142857,0.37142857142857144,0.0
40,74486,21.32,17.367023809523808,14.042857142857143,0.2571428571428571,0.0
40,91182,30.391428571428573,26.846666666666668,24.3,0.22857142857142856,0.0
40,KARB0,20.50857142857143,13.91047619047619,8.08,0.2571428571428571,0.0
40,KMIC0,15.645714285714286,10.568524844720498,6.5371428571428565,0.4,0.0
40,KYIP0,22.36857142857143,15.908214285714287,10.748571428571429,0.42857142857142855,0.0
40,PALH0,9.637142857142857,6.310714285714286,4.022857142857143,0.42857142857142855,0.0
41,72202,30.534285714285716,27.52809523809524,25.005714285714287,0.5428571428571428,0.0
41,72243,29.382857142857144,22.991666666666667,17.774285714285714,0.2,0.0
41,72278,32.80571428571429,26.31654761904762,20.47142857142857,0.05714285714285714,0.0
41,72290,25.734285714285715,21.71297619047619,18.95142857142857,0.0,0.0
41,72327,23.208571428571428,17.187380952380952,12.371428571428572,0.4,0.0
41,72353,23.994285714285713,16.76202380952381,11.365714285714287,0.11428571428571428,0.0
41,72405,21.52285714285714,17.257142857142856,13.805714285714286,0.34285714285714286,0.0
41,72494,23.805714285714288,17.41557453416149,13.74,0.0,0.0
41,72530,17.362857142857145,12.593571428571428,8.734285714285713,0.3142857142857143,0.02857142857142857
41,72565,21.36857142857143,11.791309523809524,5.017142857142857,0.11428571428571428,0.05714285714285714
41,72572,21.24,13.611909937888198,8.19142857142857,0.08571428571428572,0.02857142857142857
41,72606,17.228571428571428,12.13345238095238,7.511428571428571,0.42857142857142855,0.0
41,72681,20.76,12.861190476190476,7.288571428571428,0.11428571428571428,0.0
41,72698,19.974285714285713,13.427738095238094,8.991428571428571,0.4857142857142857,0.0
41,72793,17.33142857142857,12.418095238095239,9.231428571428571,0.45714285714285713,0.0
41,74486,19.64857142857143,15.810357142857141,12.52,0.37142857142857144,0.0
41,91182,30.6,26.847619047619048,24.242857142857144,0.2571428571428571,0.0
41,KARB0,17.291428571428572,10.967080745341613,5.7628571428571425,0.45714285714285713,0.0
41,KMIC0,16.45142857142857,10.309865424430642,5.637142857142858,0.11428571428571428,0.0
41,KYIP0,19.08,13.018690476190475,8.522857142857143,0.4857142857142857,0.0
41,PALH0,9.208571428571428,5.734999999999999,3.4457142857142857,0.45714285714285713,0.0
42,72202,29.494285714285713,26.404761904761905,23.877142857142857,0.5142857142857142,0.0
42,72243,26.768571428571427,21.091190476190476,16.33142857142857,0.2571428571428571,0.0
42,72278,32.317142857142855,25.913333333333334,20.017142857142858,0.11428571428571428,0.0
42,72290,25.04857142857143,21.056190476190476,18.08,0.02857142857142857,0.0
42,72327,22.194285714285712,15.062142857142856,9.165714285714285,0.22857142857142856,0.0
42,72353,24.84285714285714,17.548333333333336,12.188571428571429,0.17142857142857143,0.0
42,72405,20.254285714285714,14.95107142857143,10.934285714285714,0.22857142857142856,0.0
42,72494,21.531428571428574,16.72547619047619,13.431428571428572,0.14285714285714285,0.0
42,72530,17.99142857142857,12.762619047619047,8.717142857142857,0.2,0.0
42,72565,21.837142857142855,13.140119047619049,6.1257142857142854,0.11428571428571428,0.0
42,72572,19.694285714285712,12.567380952380953,7.4228571428571435,0.22857142857142856,0.0
42,72606,14.542857142857143,9.754880952380953,5.365714285714286,0.37142857142857144,0.0
42,72681,19.585714285714285,12.202142857142857,7.102857142857142,0.3142857142857143,0.0
42,72698,17.60571428571429,12.967857142857143,10.125714285714285,0.6,0.0
42,72793,15.431428571428572,11.88595238095238,9.588571428571429,0.6285714285714286,0.0
42,74486,18.02285714285714,13.701785714285714,10.194285714285714,0.22857142857142856,0.0
42,91182,30.228571428571428,26.81357142857143,24.36285714285714,0.42857142857142855,0.0
42,KARB0,16.51142857142857,10.136071428571428,4.777142857142857,0.22857142857142856,0.0
42,KMIC0,17.037142857142857,10.831309523809525,5.674285714285714,0.2857142857142857,0.0
42,KYIP0,18.242857142857144,12.176839826839826,7.525714285714287,0.2571428571428571,0.0
42,PALH0,5.88,2.4649585921325055,-0.22571428571428573,0.17142857142857143,0.0
43,72202,28.417142857142856,25.194285714285712,22.18857142857143,0.34285714285714286,0.0
43,72243,26.242857142857144,19.939285714285713,14.66,0.17142857142857143,0.0
43,72278,32.06857142857143,25.15309523809524,19.08,0.05714285714285714,0.0
43,72290,25.954285714285714,21.324761904761903,17.597142857142856,0.05714285714285714,0.0
43,72327,21.102857142857143,14.917023809523808,9.88857142857143,0.3142857142857143,0.0
43,72353,21.925714285714285,14.938928571428571,9.497142857142856,0.17142857142857143,0.0
43,72405,19.445714285714285,14.710833333333335,10.911428571428571,0.2857142857142857,0.0
43,72494,22.954285714285714,17.353785714285717,13.874285714285715,0.14285714285714285,0.0
43,72530,13.777142857142858,9.556904761904763,6.014285714285714,0.42857142857142855,0.0
43,72565,19.22285714285714,10.297142857142857,3.642857142857143,0.08571428571428572,0.05714285714285714
43,72572,18.531428571428574,12.279404761904763,7.534285714285714,0.17142857142857143,0.0
43,72606,12.608571428571429,8.797619047619047,5.180000000000001,0.4857142857142857,0.02857142857142857
43,72681,17.568571428571428,10.81511904761905,6.3828571428571435,0.34285714285714286,0.0
43,72698,17.102857142857143,13.320714285714287,10.719999999999999,0.7714285714285715,0.0
43,72793,15.791428571428574,12.369404761904763,9.954285714285714,0.7142857142857143,0.0
43,74486,17.071428571428573,13.237738095238095,9.871428571428572,0.37142857142857144,0.0
43,91182,29.69714285714286,26.008333333333336,23.208571428571428,0.4,0.0
43,KARB0,13.074285714285715,8.17904761904762,3.642857142857143,0.4857142857142857,0.0
43,KMIC0,11.625714285714285,7.3097619047619045,3.5085714285714285,0.3142857142857143,0.0
43,KYIP0,14.78857142857143,10.050191511387164,6.002857142857143,0.5142857142857142,0.0
43,PALH0,3.1,-0.6071635610766046,-3.1,0.2,0.0
44,72202,28.062857142857144,24.79095238095238,22.017142857142858,0.34285714285714286,0.0
44,72243,25.637142857142855,20.336309523809526,16.271428571428572,0.3142857142857143,0.0
44,72278,27.91142857142857,21.454047619047618,15.879999999999999,0.08571428571428572,0.0
44,72290,23.365714285714283,19.13797619047619,15.537142857142856,0.11428571428571428,0.0
44,72327,20.111428571428572,14.683571428571428,10.417142857142858,0.34285714285714286,0.0
44,72353,20.225714285714286,13.361666666666666,8.554285714285713,0.11428571428571428,0.0
44,72405,19.125714285714285,14.008571428571429,10.325714285714286,0.2571428571428571,0.0
44,72494,19.62857142857143,14.97,11.497142857142856,0.17142857142857143,0.0
44,72530,12.937142857142858,8.791547619047618,5.3028571428571425,0.34285714285714286,0.02857142857142857
44,72565,16.54,7.956666666666667,1.6828571428571428,0.11428571428571428,0.05714285714285714
44,72572,14.64857142857143,8.860119047619047,4.462857142857143,0.17142857142857143,0.0
44,72606,13.028571428571428,8.56256728778468,4.491428571428571,0.3142857142857143,0.0
44,72681,13.51142857142857,7.7996428571428575,3.702857142857143,0.2,0.0
44,72698,14.9,10.922380952380953,8.182857142857141,0.5142857142857142,0.0
44,72793,13.251428571428571,9.981309523809525,7.808571428571429,0.6857142857142857,0.02857142857142857
44,74486,16.962857142857143,12.949880952380953,9.48857142857143,0.34285714285714286,0.0
44,91182,29.745714285714282,26.48392857142857,23.957142857142856,0.34285714285714286,0.0
44,KARB0,13.145714285714286,7.659761904761904,2.9657142857142857,0.45714285714285713,0.0
44,KMIC0,9.5,5.270833333333333,1.5914285714285714,0.3142857142857143,0.0
44,KYIP0,14.634285714285715,9.543976190476192,5.54,0.45714285714285713,0.0
44,PALH0,2.177142857142857,-0.5718944099378883,-2.637142857142857,0.14285714285714285,0.0
45,72202,28.245714285714286,24.809166666666666,21.85142857142857,0.2571428571428571,0.0
45,72243,21.002857142857142,15.51297619047619,11.451428571428572,0.22857142857142856,0.0
45,72278,26.611428571428572,20.10047619047619,14.342857142857143,0.0,0.0
45,72290,23.574285714285715,18.753690476190474,14.54,0.02857142857142857,0.0
45,72327,15.531428571428572,9.540952380952382,4.7457142857142856,0.3142857142857143,0.02857142857142857
45,72353,15.182857142857141,8.657380952380953,3.6628571428571424,0.11428571428571428,0.02857142857142857
45,72405,14.16,9.88297619047619,6.482857142857143,0.37142857142857144,0.02857142857142857
45,72494,18.58,14.480714285714285,10.86857142857143,0.14285714285714285,0.0
45,72530,8.697142857142858,4.103690476190476,0.3085714285714285,0.2,0.11428571428571428
45,72565,11.017142857142858,2.6819047619047622,-3.5714285714285716,0.22857142857142856,0.14285714285714285
45,72572,11.882857142857143,5.451071428571429,1.1742857142857142,0.17142857142857143,0.0
45,72606,9.568571428571428,4.678452380952381,0.2485714285714286,0.2857142857142857,0.05714285714285714
45,72681,10.74,4.760238095238096,0.38857142857142857,0.3142857142857143,0.0
45,72698,12.434285714285714,8.775952380952381,6.062857142857142,0.5428571428571428,0.0
45,72793,12.0,8.695,6.22,0.5428571428571428,0.02857142857142857
45,74486,12.648571428571428,8.969999999999999,5.751428571428572,0.3142857142857143,0.05714285714285714
45,91182,29.065714285714286,25.378095238095238,22.48,0.2571428571428571,0.0
45,KARB0,8.528571428571428,3.2496428571428573,-1.2971428571428574,0.2,0.0
45,KMIC0,6.065714285714286,1.3533333333333335,-2.3800000000000003,0.22857142857142856,0.0
45,KYIP0,10.014285714285714,5.2820238095238095,1.397142857142857,0.2571428571428571,0.0
45,PALH0,1.5514285714285714,-1.2539285714285715,-3.7228571428571433,0.22857142857142856,0.0
46,72202,27.12857142857143,24.022142857142857,21.282857142857143,0.45714285714285713,0.0
46,72243,22.357142857142858,16.34166666666667,11.608571428571429,0.3142857142857143,0.0
46,72278,24.762857142857143,17.845714285714287,12.128571428571428,0.05714285714285714,0.0
46,72290,22.717142857142857,18.02559523809524,14.162857142857142,0.08571428571428572,0.0
46,72327,15.868571428571428,9.343690476190476,4.085714285714285,0.2571428571428571,0.0
46,72353,17.291428571428572,10.10547619047619,4.702857142857143,0.2,0.0
46,72405,13.377142857142857,7.917857142857143,3.797142857142857,0.2,0.0
46,72494,17.214285714285715,13.915714285714285,11.18,0.3142857142857143,0.0
46,72530,7.754285714285714,3.592142857142857,0.43999999999999995,0.34285714285714286,0.11428571428571428
46,72565,12.948571428571428,4.37952380952381,-1.8457142857142859,0.22857142857142856,0.17142857142857143
46,72572,10.922857142857143,4.4819047619047625,0.11714285714285698,0.17142857142857143,0.08571428571428572
46,72606,7.022857142857143,2.3167857142857144,-1.6428571428571428,0.34285714285714286,0.14285714285714285
46,72681,7.885714285714286,2.8146428571428572,-0.8514285714285714,0.34285714285714286,0.0
46,72698,11.088571428571429,7.843333333333333,5.140000000000001,0.6571428571428571,0.0
46,72793,10.694285714285714,7.608928571428572,5.1571428571428575,0.6,0.0
46,74486,11.139999999999999,6.902380952380953,3.374285714285714,0.22857142857142856,0.0
46,91182,29.014285714285716,25.518333333333334,22.885714285714286,0.2857142857142857,0.0
46,KARB0,7.617142857142857,2.5501604554865427,-1.7028571428571426,0.42857142857142855,0.0
46,KMIC0,4.417142857142857,0.694855072463768,-2.7657142857142856,0.2857142857142857,0.0
46,KYIP0,9.014285714285714,4.366666666666667,0.7028571428571428,0.34285714285714286,0.0
46,PALH0,-1.457142857142857,-4.415952380952381,-6.734285714285714,0.22857142857142856,0.0
47,72202,26.514285714285716,22.670357142857142,19.165714285714284,0.34285714285714286,0.0
47,72243,21.25142857142857,14.282142857142857,8.762857142857143,0.11428571428571428,0.0
47,72278,24.74857142857143,17.50583333333333,11.494285714285715,0.02857142857142857,0.0
47,72290,22.82,17.73011904761905,13.24,0.11428571428571428,0.0
47,72327,13.182857142857141,7.23904761904762,2.5771428571428574,0.2,0.0
47,72353,16.02,8.306785714285715,2.58,0.11428571428571428,0.0
47,72405,11.782857142857143,7.409844720496896,3.974285714285714,0.17142857142857143,0.0
47,72494,16.582857142857144,13.185357142857143,10.205714285714285,0.2,0.0
47,72530,5.331428571428571,1.2707142857142855,-2.031428571428571,0.2571428571428571,0.11428571428571428
47,72565,12.571875,4.764973958333333,-1.503125,0.15625,0.21875
47,72572,10.697142857142856,5.284761904761905,1.52,0.17142857142857143,0.05714285714285714
47,72606,6.651428571428571,2.7476190476190476,-0.7485714285714287,0.4857142857142857,0.11428571428571428
47,72681,9.411428571428571,4.673095238095239,0.9657142857142859,0.2857142857142857,0.02857142857142857
47,72698,11.702857142857143,8.18654761904762,5.514285714285714,0.6285714285714286,0.0
47,72793,11.057142857142857,8.165357142857143,5.614285714285714,0.6857142857142857,0.0
47,74486,10.002857142857144,6.739523809523809,3.757142857142857,0.2857142857142857,0.08571428571428572
47,91182,27.72285714285714,24.619999999999997,22.245714285714286,0.3142857142857143,0.0
47,KARB0,4.965714285714286,1.276309523809524,-2.2885714285714283,0.4,0.0
47,KMIC0,2.42,-2.0336904761904764,-5.525714285714286,0.22857142857142856,0.0
47,KYIP0,6.548571428571429,2.9771428571428573,-0.17142857142857132,0.34285714285714286,0.0
47,PALH0,-2.248571428571428,-5.039104554865424,-7.791428571428571,0.2571428571428571,0.0
48,72202,26.854285714285712,23.92642857142857,21.44857142857143,0.5428571428571428,0.0
48,72243,20.36857142857143,14.93940476190476,10.528571428571428,0.2857142857142857,0.0
48,72278,21.194285714285712,14.907261904761903,9.911428571428571,0.08571428571428572,0.0
48,72290,19.794285714285714,15.811872294372295,12.360000000000001,0.2571428571428571,0.0
48,72327,14.942857142857143,9.982380952380952,5.228571428571429,0.42857142857142855,0.0
48,72353,12.76,6.859285714285714,2.4228571428571426,0.22857142857142856,0.0
48,72405,13.682857142857141,9.053571428571429,5.671428571428572,0.42857142857142855,0.0
48,72494,15.522857142857141,12.169880952380952,9.225714285714284,0.4,0.0
48,72530,6.791428571428572,2.8494047619047618,-0.24000000000000002,0.2,0.02857142857142857
48,72565,9.992857142857144,2.1188988095238095,-3.7035714285714287,0.07142857142857142,0.21428571428571427
48,72572,6.911428571428572,1.9835714285714285,-1.6828571428571428,0.34285714285714286,0.14285714285714285
48,72606,6.214285714285714,2.075714285714286,-1.7857142857142858,0.37142857142857144,0.0
48,72681,4.814285714285714,0.7453571428571429,-2.2542857142857144,0.37142857142857144,0.14285714285714285
48,72698,7.882857142857143,4.967380952380953,2.9057142857142857,0.6857142857142857,0.0
48,72793,8.434285714285714,5.250357142857142,3.225714285714286,0.6857142857142857,0.0
48,74486,11.334285714285715,8.101904761904763,5.088571428571428,0.37142857142857144,0.0
48,91182,27.74,24.564761904761905,22.111428571428572,0.3142857142857143,0.0
48,KARB0,7.394285714285715,2.4719772256728776,-2.1857142857142855,0.17142857142857143,0.0
48,KMIC0,2.325714285714286,-1.79,-5.274285714285714,0.22857142857142856,0.0
48,KYIP0,8.757142857142858,4.034761904761905,0.002857142857142828,0.22857142857142856,0.0
48,PALH0,-3.7800000000000002,-6.375,-8.685714285714285,0.22857142857142856,0.0
49,72202,26.38285714285714,23.013809523809524,20.17142857142857,0.34285714285714286,0.0
49,72243,16.957142857142856,12.100833333333332,8.405714285714286,0.4,0.02857142857142857
49,72278,22.108571428571427,15.045476190476192,9.557142857142857,0.08571428571428572,0.0
49,72290,20.237142857142857,15.69487060041408,11.68,0.08571428571428572,0.0
49,72327,10.337142857142858,5.599523809523809,1.7428571428571429,0.22857142857142856,0.0
49,72353,11.797142857142857,5.4226190476190474,0.7599999999999998,0.08571428571428572,0.0
49,72405,9.394285714285715,5.536666666666666,2.7485714285714287,0.34285714285714286,0.02857142857142857
49,72494,15.182857142857141,11.922619047619047,9.031428571428572,0.2857142857142857,0.0
49,72530,2.9657142857142857,-0.5472619047619048,-3.4457142857142857,0.37142857142857144,0.2
49,72565,10.914285714285715,2.234672619047619,-4.107142857142857,0.07142857142857142,0.07142857142857142
49,72572,6.054285714285714,0.6070289855072463,-3.1285714285714286,0.2571428571428571,0.11428571428571428
49,72606,3.4285714285714284,-0.22302721088435368,-3.417142857142857,0.42857142857142855,0.08571428571428572
49,72681,3.942857142857143,0.21564182194616968,-2.6114285714285717,0.4,0.17142857142857143
49,72698,8.411428571428571,5.254880952380952,3.14,0.5714285714285714,0.02857142857142857
49,72793,8.974285714285715,5.7700000000000005,3.462857142857143,0.5714285714285714,0.05714285714285714
49,74486,7.477142857142857,4.622142857142857,2.0685714285714285,0.34285714285714286,0.02857142857142857
49,91182,27.86,24.172391304347826,21.22285714285714,0.17142857142857143,0.0
49,KARB0,3.337142857142857,-0.5677691511387165,-4.091428571428571,0.14285714285714285,0.0
49,KMIC0,-0.6285714285714284,-4.073214285714286,-6.920000000000001,0.2,0.0
49,KYIP0,4.817142857142857,1.0251190476190477,-2.14,0.11428571428571428,0.0
49,PALH0,-3.0485714285714285,-5.205036231884058,-7.225714285714286,0.2,0.0
50,72202,25.939999999999998,21.828928571428573,18.18857142857143,0.08571428571428572,0.0
50,72243,19.89428571428571,14.173333333333334,9.48,0.2571428571428571,0.0
50,72278,20.405714285714286,14.106785714285715,9.068571428571428,0.11428571428571428,0.0
50,72290,19.94857142857143,15.263809523809524,11.24,0.17142857142857143,0.0
50,72327,12.145714285714286,6.541428571428571,2.3342857142857145,0.2857142857142857,0.0
50,72353,12.931428571428572,5.912976190476191,0.8114285714285714,0.22857142857142856,0.02857142857142857
50,72405,9.631428571428572,5.492023809523809,2.4228571428571426,0.2857142857142857,0.08571428571428572
50,72494,15.120000000000001,11.429166666666665,8.397142857142857,0.34285714285714286,0.0
50,72530,1.78,-1.7180175983436852,-4.634285714285714,0.37142857142857144,0.3142857142857143
50,72565,7.0249999999999995,-0.7498511904761906,-6.082142857142857,0.32142857142857145,0.17857142857142858
50,72572,3.2542857142857144,-0.5429451345755694,-3.462857142857143,0.4,0.22857142857142856
50,72606,1.762857142857143,-1.8721428571428573,-5.214285714285714,0.45714285714285713,0.22857142857142856
50,72681,1.8714285714285714,-1.0205434782608696,-3.5314285714285716,0.34285714285714286,0.3142857142857143
50,72698,7.2057142857142855,4.48202380952381,2.2685714285714287,0.5428571428571428,0.08571428571428572
50,72793,7.765714285714286,5.226428571428571,3.3200000000000003,0.5142857142857142,0.02857142857142857
50,74486,7.325714285714285,4.008690476190476,1.2714285714285711,0.4,0.17142857142857143
50,91182,27.18857142857143,23.579285714285714,20.74857142857143,0.3142857142857143,0.0
50,KARB0,1.1285714285714286,-1.7386904761904762,-4.994285714285715,0.45714285714285713,0.0
50,KMIC0,-3.1028571428571428,-6.43797619047619,-9.302857142857144,0.4,0.0
50,KYIP0,2.7514285714285713,-0.11503759398496238,-3.125714285714286,0.22857142857142856,0.0
50,PALH0,-2.4685714285714284,-5.561190476190476,-8.068571428571428,0.22857142857142856,0.0
51,72202,27.502857142857142,24.440760869565217,21.87142857142857,0.37142857142857144,0.0
51,72243,20.468571428571426,14.768809523809523,10.762857142857143,0.4,0.0
51,72278,18.60571428571429,12.710714285714285,7.8914285714285715,0.11428571428571428,0.0
51,72290,20.091428571428573,15.000238095238094,10.8,0.2571428571428571,0.0
51,72327,13.565714285714286,8.20702380952381,4.474285714285714,0.5142857142857142,0.0
51,72353,11.128571428571428,4.83452380952381,0.5828571428571429,0.2571428571428571,0.05714285714285714
51,72405,12.025714285714287,7.670357142857142,4.151428571428572,0.4,0.0
51,72494,14.52,10.99047619047619,7.72,0.2857142857142857,0.0
51,72530,4.128571428571429,0.37359213250517587,-3.031428571428571,0.37142857142857144,0.05714285714285714
51,72565,5.6571428571428575,-1.2329580745341615,-6.335714285714286,0.25,0.25
51,72572,3.1657142857142855,-0.32392857142857145,-2.962857142857143,0.4857142857142857,0.2857142857142857
51,72606,3.611428571428571,-0.6569047619047619,-4.211428571428572,0.4857142857142857,0.14285714285714285
51,72681,2.174285714285714,-1.8391666666666668,-5.022857142857143,0.42857142857142855,0.2857142857142857
51,72698,8.351428571428572,5.332976190476191,3.3314285714285714,0.6285714285714286,0.0
51,72793,7.628571428571429,5.262023809523809,3.4514285714285715,0.6571428571428571,0.05714285714285714
51,74486,9.951428571428572,6.3325,3.6514285714285712,0.42857142857142855,0.0
51,91182,27.442857142857143,23.82488095238095,21.042857142857144,0.22857142857142856,0.0
51,KARB0,3.2818181818181817,-0.44060166886253854,-3.978787878787879,0.42857142857142855,0.0
51,KMIC0,-0.6,-3.9823809523809524,-6.797142857142857,0.34285714285714286,0.0
51,KYIP0,5.3514285714285705,1.7376190476190476,-1.4599999999999997,0.4,0.0
51,PALH0,-4.52,-7.3326293995859215,-9.96,0.17142857142857143,0.0
52,72202,27.134615384615383,23.960256410256413,21.165384615384614,0.15384615384615385,0.0
52,72243,15.71923076923077,11.81746794871795,8.846153846153847,0.34615384615384615,0.0
52,72278,18.965384615384615,11.524038461538462,5.961538461538462,0.11538461538461539,0.0
52,72290,18.984615384615385,13.475641025641027,8.838461538461539,0.15384615384615385,0.0
52,72327,10.726923076923075,6.010576923076924,2.661538461538462,0.34615384615384615,0.0
52,72353,7.088461538461539,1.895673076923077,-2.026923076923077,0.11538461538461539,0.11538461538461539
52,72405,9.203846153846154,5.3806089743589745,2.523076923076923,0.38461538461538464,0.07692307692307693
52,72494,13.007692307692308,9.390705128205129,5.973076923076923,0.07692307692307693,0.0
52,72530,-1.7653846153846153,-4.982051282051282,-7.888461538461538,0.5,0.34615384615384615
52,72565,1.9565217391304348,-5.825,-11.621739130434783,0.17391304347826086,0.17391304347826086
52,72572,-0.46538461538461545,-4.780957357859532,-8.376923076923077,0.2692307692307692,0.19230769230769232
52,72606,-0.5692307692307693,-4.266185897435897,-8.034615384615385,0.5,0.2692307692307692
52,72681,-1.9769230769230768,-5.795673076923077,-8.846153846153847,0.23076923076923078,0.23076923076923078
52,72698,5.615384615384615,3.0544871794871797,0.9423076923076923,0.5769230769230769,0.11538461538461539
52,72793,6.1923076923076925,3.618589743589744,1.8115384615384615,0.5384615384615384,0.15384615384615385
52,74486,6.661538461538462,3.0724358974358976,0.5653846153846155,0.38461538461538464,0.11538461538461539
52,91182,26.946153846153848,23.322275641025644,20.434615384615384,0.2692307692307692,0.0
52,KARB0,-0.47307692307692295,-3.8902243589743595,-6.9,0.34615384615384615,0.0
52,KMIC0,-6.803846153846154,-11.015684225195095,-14.234615384615385,0.15384615384615385,0.0
52,KYIP0,1.1307692307692307,-2.1304487179487177,-4.803846153846154,0.19230769230769232,0.0
52,PALH0,-2.35,-5.121794871794871,-7.811538461538461,0.19230769230769232,0.0
53,72202,23.3,17.795833333333334,14.4,0.0,0.0
53,72243,11.7,9.625,8.3,1.0,0.0
53,72278,23.9,14.170833333333334,7.2,0.0,0.0
53,72290,17.8,13.987499999999999,10.6,0.0,0.0
53,72327,-1.7,-6.5,-10.0,0.0,0.0
53,72353,-6.1,-7.8125,-10.0,0.0,1.0
53,72405,-1.7,-5.745833333333334,-7.8,0.0,1.0
53,72494,14.4,10.741666666666667,7.8,0.0,0.0
53,72530,-10.6,-15.383333333333333,-18.3,0.0,0.0
53,72565,-3.9,-7.7875000000000005,-11.1,0.0,1.0
53,72572,7.2,1.2208333333333334,-3.3,0.0,0.0
53,72606,-11.7,-16.729166666666668,-21.1,0.0,0.0
53,72681,3.3,-2.0083333333333333,-6.1,0.0,0.0
53,72698,10.0,3.8708333333333336,0.0,0.0,0.0
53,72793,6.7,3.8249999999999997,1.1,1.0,0.0
53,74486,-5.0,-8.1,-11.1,0.0,0.0
53,91182,26.7,23.3125,20.6,0.0,0.0
53,KARB0,-9.4,-14.083333333333334,-18.9,0.0,0.0
53,KMIC0,-21.1,-23.400000000000002,-27.2,0.0,0.0
53,KYIP0,-8.3,-13.291666666666666,-16.7,0.0,0.0
53,PALH0,-3.3,-5.820833333333333,-7.8,0.0,0.0
